City,DOY,Volatility
Amazon Rainforest (Manaus),1,1.0208892974836712
Amazon Rainforest (Manaus),2,0.8832245302438817
Amazon Rainforest (Manaus),3,0.8379319592231382
Amazon Rainforest (Manaus),4,0.9301159308496425
Amazon Rainforest (Manaus),5,0.9650961458966267
Amazon Rainforest (Manaus),6,1.1069135756000918
Amazon Rainforest (Manaus),7,0.9628416584239676
Amazon Rainforest (Manaus),8,1.0507425140665083
Amazon Rainforest (Manaus),9,1.0159002298235795
Amazon Rainforest (Manaus),10,1.13423459117698
Amazon Rainforest (Manaus),11,1.21203921520577
Amazon Rainforest (Manaus),12,1.0161987162296588
Amazon Rainforest (Manaus),13,1.0953654047754375
Amazon Rainforest (Manaus),14,1.259909788206523
Amazon Rainforest (Manaus),15,1.2787691459138466
Amazon Rainforest (Manaus),16,1.3504637837756472
Amazon Rainforest (Manaus),17,1.3371933269566911
Amazon Rainforest (Manaus),18,1.2708395412226066
Amazon Rainforest (Manaus),19,1.0829837756637686
Amazon Rainforest (Manaus),20,0.9911920770543032
Amazon Rainforest (Manaus),21,1.2065579044306929
Amazon Rainforest (Manaus),22,1.1036723965856894
Amazon Rainforest (Manaus),23,1.0895000259540668
Amazon Rainforest (Manaus),24,1.2108587931354002
Amazon Rainforest (Manaus),25,1.2662476403455836
Amazon Rainforest (Manaus),26,1.2061298686469384
Amazon Rainforest (Manaus),27,1.1091797199565048
Amazon Rainforest (Manaus),28,1.2241418446462622
Amazon Rainforest (Manaus),29,1.279003642342247
Amazon Rainforest (Manaus),30,1.397754768632421
Amazon Rainforest (Manaus),31,1.0750087024575237
Amazon Rainforest (Manaus),32,0.8639013724930336
Amazon Rainforest (Manaus),33,0.8845111584537392
Amazon Rainforest (Manaus),34,0.9260672661288453
Amazon Rainforest (Manaus),35,1.0318493629510122
Amazon Rainforest (Manaus),36,0.9829049364841467
Amazon Rainforest (Manaus),37,0.9091406566726729
Amazon Rainforest (Manaus),38,0.8532287886320599
Amazon Rainforest (Manaus),39,0.8364976251942403
Amazon Rainforest (Manaus),40,0.806822520311116
Amazon Rainforest (Manaus),41,0.9038904637187475
Amazon Rainforest (Manaus),42,0.7038449221374017
Amazon Rainforest (Manaus),43,0.7190804484422619
Amazon Rainforest (Manaus),44,0.9769675220354308
Amazon Rainforest (Manaus),45,1.0006694112508423
Amazon Rainforest (Manaus),46,0.8987276359589502
Amazon Rainforest (Manaus),47,1.0053863393402171
Amazon Rainforest (Manaus),48,0.9949066908344877
Amazon Rainforest (Manaus),49,0.9514776257508324
Amazon Rainforest (Manaus),50,0.8561192184965067
Amazon Rainforest (Manaus),51,0.909685260256135
Amazon Rainforest (Manaus),52,0.8648661128953268
Amazon Rainforest (Manaus),53,0.8032881684717916
Amazon Rainforest (Manaus),54,0.7584601068053765
Amazon Rainforest (Manaus),55,0.7834685644895656
Amazon Rainforest (Manaus),56,0.83750848028271
Amazon Rainforest (Manaus),57,0.8262161578756997
Amazon Rainforest (Manaus),58,0.7512534979498056
Amazon Rainforest (Manaus),59,0.9113217870638047
Amazon Rainforest (Manaus),60,0.8636218001164419
Amazon Rainforest (Manaus),61,0.8498935389118704
Amazon Rainforest (Manaus),62,0.7978727995290539
Amazon Rainforest (Manaus),63,0.7465017428033616
Amazon Rainforest (Manaus),64,0.6347077368404096
Amazon Rainforest (Manaus),65,0.7771500218414747
Amazon Rainforest (Manaus),66,0.8382331602047295
Amazon Rainforest (Manaus),67,0.8615504240567635
Amazon Rainforest (Manaus),68,0.7013125718730765
Amazon Rainforest (Manaus),69,0.7030791534266159
Amazon Rainforest (Manaus),70,0.7116479921235255
Amazon Rainforest (Manaus),71,0.7424698440641266
Amazon Rainforest (Manaus),72,0.6705970250298308
Amazon Rainforest (Manaus),73,0.6745251246345194
Amazon Rainforest (Manaus),74,0.7011167096796129
Amazon Rainforest (Manaus),75,0.7472642139811252
Amazon Rainforest (Manaus),76,0.6673000646795663
Amazon Rainforest (Manaus),77,0.7686228796218754
Amazon Rainforest (Manaus),78,0.6715708054427648
Amazon Rainforest (Manaus),79,0.5842909636752559
Amazon Rainforest (Manaus),80,0.5731841905348306
Amazon Rainforest (Manaus),81,0.5790549182147295
Amazon Rainforest (Manaus),82,0.6648115662386233
Amazon Rainforest (Manaus),83,0.6260599890877674
Amazon Rainforest (Manaus),84,0.5676285001344678
Amazon Rainforest (Manaus),85,0.561125935072128
Amazon Rainforest (Manaus),86,0.603206153688588
Amazon Rainforest (Manaus),87,0.7336743233104106
Amazon Rainforest (Manaus),88,0.5552800085985986
Amazon Rainforest (Manaus),89,0.5339043531859917
Amazon Rainforest (Manaus),90,0.5787795627361195
Amazon Rainforest (Manaus),91,0.5971607859097325
Amazon Rainforest (Manaus),92,0.6076473537784163
Amazon Rainforest (Manaus),93,0.472431074874843
Amazon Rainforest (Manaus),94,0.5005575643862256
Amazon Rainforest (Manaus),95,0.6033032310401719
Amazon Rainforest (Manaus),96,0.585746663954681
Amazon Rainforest (Manaus),97,0.517118122115125
Amazon Rainforest (Manaus),98,0.6975712547052955
Amazon Rainforest (Manaus),99,0.6118058045611493
Amazon Rainforest (Manaus),100,0.5901869754255388
Amazon Rainforest (Manaus),101,0.553975589253147
Amazon Rainforest (Manaus),102,0.5946822130019428
Amazon Rainforest (Manaus),103,0.6154234606681841
Amazon Rainforest (Manaus),104,0.523325074110145
Amazon Rainforest (Manaus),105,0.5811752236563139
Amazon Rainforest (Manaus),106,0.5221706200545976
Amazon Rainforest (Manaus),107,0.5536635624461389
Amazon Rainforest (Manaus),108,0.6180547725750112
Amazon Rainforest (Manaus),109,0.609547192698687
Amazon Rainforest (Manaus),110,0.617034440738183
Amazon Rainforest (Manaus),111,0.5828922474120088
Amazon Rainforest (Manaus),112,0.5035378010881962
Amazon Rainforest (Manaus),113,0.5949793465600144
Amazon Rainforest (Manaus),114,0.5395207723969303
Amazon Rainforest (Manaus),115,0.5872599145081854
Amazon Rainforest (Manaus),116,0.6596755480936386
Amazon Rainforest (Manaus),117,0.6318239311037802
Amazon Rainforest (Manaus),118,0.659027528482762
Amazon Rainforest (Manaus),119,0.6214782809558103
Amazon Rainforest (Manaus),120,0.541072460982655
Amazon Rainforest (Manaus),121,0.5295825373327365
Amazon Rainforest (Manaus),122,0.5658085105520307
Amazon Rainforest (Manaus),123,0.679020988756053
Amazon Rainforest (Manaus),124,0.5816224936834559
Amazon Rainforest (Manaus),125,0.6017045467022821
Amazon Rainforest (Manaus),126,0.5730698369788518
Amazon Rainforest (Manaus),127,0.5819662577491607
Amazon Rainforest (Manaus),128,0.6947402818295613
Amazon Rainforest (Manaus),129,0.6954753724306184
Amazon Rainforest (Manaus),130,0.5940930159730101
Amazon Rainforest (Manaus),131,0.7063271885263838
Amazon Rainforest (Manaus),132,0.718099735721978
Amazon Rainforest (Manaus),133,0.5832849219818877
Amazon Rainforest (Manaus),134,0.6083625737515809
Amazon Rainforest (Manaus),135,0.5482593539912474
Amazon Rainforest (Manaus),136,0.6226479633452032
Amazon Rainforest (Manaus),137,0.5229414994426467
Amazon Rainforest (Manaus),138,0.7644243643942114
Amazon Rainforest (Manaus),139,0.8992450145508195
Amazon Rainforest (Manaus),140,0.6879793927293866
Amazon Rainforest (Manaus),141,0.7009739524615722
Amazon Rainforest (Manaus),142,0.6232613872774703
Amazon Rainforest (Manaus),143,0.5498587171987849
Amazon Rainforest (Manaus),144,0.5673723790338113
Amazon Rainforest (Manaus),145,0.6537041956999264
Amazon Rainforest (Manaus),146,0.7315679749023692
Amazon Rainforest (Manaus),147,0.7406991654509886
Amazon Rainforest (Manaus),148,0.6087466762588812
Amazon Rainforest (Manaus),149,0.591161960043197
Amazon Rainforest (Manaus),150,0.5408711945081055
Amazon Rainforest (Manaus),151,0.6048274350718944
Amazon Rainforest (Manaus),152,0.5752669662447434
Amazon Rainforest (Manaus),153,0.6565498182527967
Amazon Rainforest (Manaus),154,0.6277352830801213
Amazon Rainforest (Manaus),155,0.544157513572279
Amazon Rainforest (Manaus),156,0.6015111344109069
Amazon Rainforest (Manaus),157,0.6943189508409142
Amazon Rainforest (Manaus),158,0.5641922512813513
Amazon Rainforest (Manaus),159,0.7103929100721375
Amazon Rainforest (Manaus),160,0.9065683209264481
Amazon Rainforest (Manaus),161,0.8937560005860146
Amazon Rainforest (Manaus),162,0.8268568059766156
Amazon Rainforest (Manaus),163,0.700862651779662
Amazon Rainforest (Manaus),164,0.5880650087749278
Amazon Rainforest (Manaus),165,0.5538596077674185
Amazon Rainforest (Manaus),166,0.5830652761733194
Amazon Rainforest (Manaus),167,0.5244836381439953
Amazon Rainforest (Manaus),168,0.48047259152325617
Amazon Rainforest (Manaus),169,0.5077559134596825
Amazon Rainforest (Manaus),170,0.5838479558223781
Amazon Rainforest (Manaus),171,0.6454310063301486
Amazon Rainforest (Manaus),172,0.6798328282884011
Amazon Rainforest (Manaus),173,0.6010524596044999
Amazon Rainforest (Manaus),174,0.5499849603940267
Amazon Rainforest (Manaus),175,0.46370645741345123
Amazon Rainforest (Manaus),176,0.5133212236474685
Amazon Rainforest (Manaus),177,0.4813961263283839
Amazon Rainforest (Manaus),178,0.6927862975857865
Amazon Rainforest (Manaus),179,0.6101051793008538
Amazon Rainforest (Manaus),180,0.5642471457062346
Amazon Rainforest (Manaus),181,0.7477855610020346
Amazon Rainforest (Manaus),182,0.9920426265734199
Amazon Rainforest (Manaus),183,0.8517995811381086
Amazon Rainforest (Manaus),184,0.7240592058769939
Amazon Rainforest (Manaus),185,0.7047363173241481
Amazon Rainforest (Manaus),186,0.7526612404777788
Amazon Rainforest (Manaus),187,0.6896300751794153
Amazon Rainforest (Manaus),188,0.7103807453631217
Amazon Rainforest (Manaus),189,0.7923117285918917
Amazon Rainforest (Manaus),190,0.7001227240653191
Amazon Rainforest (Manaus),191,0.771724784986988
Amazon Rainforest (Manaus),192,0.8882189640614492
Amazon Rainforest (Manaus),193,0.7581399012956456
Amazon Rainforest (Manaus),194,0.7739086635064368
Amazon Rainforest (Manaus),195,0.8798153215306025
Amazon Rainforest (Manaus),196,0.9797419516151988
Amazon Rainforest (Manaus),197,0.9076362674994524
Amazon Rainforest (Manaus),198,0.8268326112454845
Amazon Rainforest (Manaus),199,0.8934667734528637
Amazon Rainforest (Manaus),200,0.9068478909120238
Amazon Rainforest (Manaus),201,0.9519077040110566
Amazon Rainforest (Manaus),202,0.9000963068039987
Amazon Rainforest (Manaus),203,0.752261530418771
Amazon Rainforest (Manaus),204,0.7156482594750304
Amazon Rainforest (Manaus),205,0.7939779620545713
Amazon Rainforest (Manaus),206,0.9405081618662298
Amazon Rainforest (Manaus),207,0.8786729314753012
Amazon Rainforest (Manaus),208,0.9109881260206025
Amazon Rainforest (Manaus),209,0.9730686405805009
Amazon Rainforest (Manaus),210,0.8850857270265112
Amazon Rainforest (Manaus),211,0.8868845869745996
Amazon Rainforest (Manaus),212,0.8260879814314807
Amazon Rainforest (Manaus),213,0.9319359410971705
Amazon Rainforest (Manaus),214,0.9246743327055678
Amazon Rainforest (Manaus),215,0.9183430248034118
Amazon Rainforest (Manaus),216,0.9886348885799813
Amazon Rainforest (Manaus),217,1.036798490516153
Amazon Rainforest (Manaus),218,0.9683929932776122
Amazon Rainforest (Manaus),219,0.9458750716467725
Amazon Rainforest (Manaus),220,1.0391601951600498
Amazon Rainforest (Manaus),221,1.0760070262351458
Amazon Rainforest (Manaus),222,1.0828074806580974
Amazon Rainforest (Manaus),223,1.080856557791126
Amazon Rainforest (Manaus),224,1.1241856578139897
Amazon Rainforest (Manaus),225,1.105600843026759
Amazon Rainforest (Manaus),226,1.0825473784728687
Amazon Rainforest (Manaus),227,1.1118107765981717
Amazon Rainforest (Manaus),228,1.4043397514208302
Amazon Rainforest (Manaus),229,1.469283310355357
Amazon Rainforest (Manaus),230,1.4804088308821712
Amazon Rainforest (Manaus),231,1.499031611297838
Amazon Rainforest (Manaus),232,1.534288439244444
Amazon Rainforest (Manaus),233,1.4662605065779089
Amazon Rainforest (Manaus),234,1.3840572729781508
Amazon Rainforest (Manaus),235,1.4794678454458714
Amazon Rainforest (Manaus),236,1.4904581641602845
Amazon Rainforest (Manaus),237,1.539202107900085
Amazon Rainforest (Manaus),238,1.4157518229200627
Amazon Rainforest (Manaus),239,1.5896944139707254
Amazon Rainforest (Manaus),240,1.6497957301963808
Amazon Rainforest (Manaus),241,1.4173293976928871
Amazon Rainforest (Manaus),242,1.5505593855231168
Amazon Rainforest (Manaus),243,1.4941413954220468
Amazon Rainforest (Manaus),244,1.4950413281707937
Amazon Rainforest (Manaus),245,1.6145201834703042
Amazon Rainforest (Manaus),246,1.5826124967946398
Amazon Rainforest (Manaus),247,1.6406498480449936
Amazon Rainforest (Manaus),248,1.6106123183960614
Amazon Rainforest (Manaus),249,1.6816619906330605
Amazon Rainforest (Manaus),250,1.5212317495834766
Amazon Rainforest (Manaus),251,1.7306370498486012
Amazon Rainforest (Manaus),252,1.828560068439113
Amazon Rainforest (Manaus),253,1.7320861439743673
Amazon Rainforest (Manaus),254,1.7545638465883073
Amazon Rainforest (Manaus),255,1.8285080390987156
Amazon Rainforest (Manaus),256,1.8836327975102345
Amazon Rainforest (Manaus),257,1.8830867753193596
Amazon Rainforest (Manaus),258,1.909911100617555
Amazon Rainforest (Manaus),259,1.731977569199848
Amazon Rainforest (Manaus),260,1.7431121320392962
Amazon Rainforest (Manaus),261,1.784825987455593
Amazon Rainforest (Manaus),262,1.7467657064998172
Amazon Rainforest (Manaus),263,1.924939086375963
Amazon Rainforest (Manaus),264,1.8734573498909637
Amazon Rainforest (Manaus),265,1.852887738208036
Amazon Rainforest (Manaus),266,1.7428154392795359
Amazon Rainforest (Manaus),267,1.985872513680567
Amazon Rainforest (Manaus),268,1.9385454759607434
Amazon Rainforest (Manaus),269,2.108607899237616
Amazon Rainforest (Manaus),270,2.2070031123320932
Amazon Rainforest (Manaus),271,2.0901595172644107
Amazon Rainforest (Manaus),272,1.9431818787631532
Amazon Rainforest (Manaus),273,2.0545135687622835
Amazon Rainforest (Manaus),274,1.992136802043216
Amazon Rainforest (Manaus),275,2.0582195861213264
Amazon Rainforest (Manaus),276,2.1445561149647165
Amazon Rainforest (Manaus),277,2.215995569408107
Amazon Rainforest (Manaus),278,2.2000890814176968
Amazon Rainforest (Manaus),279,1.9986938652577655
Amazon Rainforest (Manaus),280,1.9742727405610974
Amazon Rainforest (Manaus),281,2.0097909918364167
Amazon Rainforest (Manaus),282,2.0738141240578067
Amazon Rainforest (Manaus),283,1.8430648680451844
Amazon Rainforest (Manaus),284,1.9502421788140494
Amazon Rainforest (Manaus),285,2.0957076211637435
Amazon Rainforest (Manaus),286,2.004713947845176
Amazon Rainforest (Manaus),287,1.9108018722321787
Amazon Rainforest (Manaus),288,1.9438855728945053
Amazon Rainforest (Manaus),289,1.9102836616785772
Amazon Rainforest (Manaus),290,2.054982741963408
Amazon Rainforest (Manaus),291,1.9186562642811027
Amazon Rainforest (Manaus),292,1.4728999993325487
Amazon Rainforest (Manaus),293,1.8615504659881559
Amazon Rainforest (Manaus),294,2.1805917888689934
Amazon Rainforest (Manaus),295,1.9576495350043488
Amazon Rainforest (Manaus),296,1.7690466370981652
Amazon Rainforest (Manaus),297,1.764833179714127
Amazon Rainforest (Manaus),298,1.898627132806537
Amazon Rainforest (Manaus),299,2.157419801718169
Amazon Rainforest (Manaus),300,2.102835232441941
Amazon Rainforest (Manaus),301,2.0550300661884933
Amazon Rainforest (Manaus),302,1.9176851355396631
Amazon Rainforest (Manaus),303,2.218480745506217
Amazon Rainforest (Manaus),304,2.3043694477659264
Amazon Rainforest (Manaus),305,1.9420978282851828
Amazon Rainforest (Manaus),306,1.8917796329657472
Amazon Rainforest (Manaus),307,1.9254333138514015
Amazon Rainforest (Manaus),308,1.947859276513415
Amazon Rainforest (Manaus),309,1.643639463843453
Amazon Rainforest (Manaus),310,1.6598227541074544
Amazon Rainforest (Manaus),311,1.6321438676327416
Amazon Rainforest (Manaus),312,1.975537861301989
Amazon Rainforest (Manaus),313,1.7038582476598199
Amazon Rainforest (Manaus),314,1.6791055204593939
Amazon Rainforest (Manaus),315,1.8844573329598895
Amazon Rainforest (Manaus),316,1.912191593782361
Amazon Rainforest (Manaus),317,1.8059449044436087
Amazon Rainforest (Manaus),318,1.9065152563861056
Amazon Rainforest (Manaus),319,1.4774425792743522
Amazon Rainforest (Manaus),320,1.6525056092441894
Amazon Rainforest (Manaus),321,1.7355748570910432
Amazon Rainforest (Manaus),322,1.801492744902564
Amazon Rainforest (Manaus),323,1.9205718817752038
Amazon Rainforest (Manaus),324,1.736939226128617
Amazon Rainforest (Manaus),325,1.6975987736195226
Amazon Rainforest (Manaus),326,2.0246583899992863
Amazon Rainforest (Manaus),327,1.8355510115102318
Amazon Rainforest (Manaus),328,1.6838555626969212
Amazon Rainforest (Manaus),329,1.5348227649021018
Amazon Rainforest (Manaus),330,1.4326598771052503
Amazon Rainforest (Manaus),331,1.6887419007024607
Amazon Rainforest (Manaus),332,1.7485426731754177
Amazon Rainforest (Manaus),333,1.820721736758842
Amazon Rainforest (Manaus),334,1.9540146779188226
Amazon Rainforest (Manaus),335,1.797734303447763
Amazon Rainforest (Manaus),336,1.8574106758077638
Amazon Rainforest (Manaus),337,1.6316270786825238
Amazon Rainforest (Manaus),338,1.4455940935470435
Amazon Rainforest (Manaus),339,1.5884889172320755
Amazon Rainforest (Manaus),340,1.3851274355397722
Amazon Rainforest (Manaus),341,1.3775482057614605
Amazon Rainforest (Manaus),342,1.311521315372546
Amazon Rainforest (Manaus),343,1.470860515273668
Amazon Rainforest (Manaus),344,1.4849831114991283
Amazon Rainforest (Manaus),345,1.2670635760324922
Amazon Rainforest (Manaus),346,1.30526628875743
Amazon Rainforest (Manaus),347,1.2525239634712655
Amazon Rainforest (Manaus),348,1.3173096261558224
Amazon Rainforest (Manaus),349,1.1926662794439287
Amazon Rainforest (Manaus),350,0.9630914755488398
Amazon Rainforest (Manaus),351,1.0310095834178092
Amazon Rainforest (Manaus),352,1.3566747527605914
Amazon Rainforest (Manaus),353,1.3176410788545523
Amazon Rainforest (Manaus),354,1.143098141684343
Amazon Rainforest (Manaus),355,1.113872807880373
Amazon Rainforest (Manaus),356,0.9529595604694155
Amazon Rainforest (Manaus),357,1.0189086262190095
Amazon Rainforest (Manaus),358,1.0262595520023725
Amazon Rainforest (Manaus),359,0.9994216879572952
Amazon Rainforest (Manaus),360,1.1238560545237282
Amazon Rainforest (Manaus),361,1.1690823274569215
Amazon Rainforest (Manaus),362,1.220090000319441
Amazon Rainforest (Manaus),363,0.9593035043877699
Amazon Rainforest (Manaus),364,1.0844333873826395
Amazon Rainforest (Manaus),365,1.1538481438699155
Amazon Rainforest (Manaus),366,0.6899393912774974
"Bangkok, Thailand",1,2.303738608230728
"Bangkok, Thailand",2,2.267032629900088
"Bangkok, Thailand",3,1.9615283309793599
"Bangkok, Thailand",4,1.8705812484861915
"Bangkok, Thailand",5,1.9250605410429982
"Bangkok, Thailand",6,1.974154246615287
"Bangkok, Thailand",7,2.1416707236109143
"Bangkok, Thailand",8,2.202041948299778
"Bangkok, Thailand",9,2.3249501915599544
"Bangkok, Thailand",10,2.4361464041238534
"Bangkok, Thailand",11,2.543213111030688
"Bangkok, Thailand",12,2.812761427831073
"Bangkok, Thailand",13,2.724584884105774
"Bangkok, Thailand",14,2.421519581265539
"Bangkok, Thailand",15,2.2257605180524096
"Bangkok, Thailand",16,2.158306376882227
"Bangkok, Thailand",17,1.980493190333055
"Bangkok, Thailand",18,2.1170650632490258
"Bangkok, Thailand",19,2.1776625946921513
"Bangkok, Thailand",20,2.072743315514118
"Bangkok, Thailand",21,1.7890792008438803
"Bangkok, Thailand",22,2.265420635420963
"Bangkok, Thailand",23,2.163745235948261
"Bangkok, Thailand",24,2.0291938536177994
"Bangkok, Thailand",25,2.4478444156641364
"Bangkok, Thailand",26,2.3278579810905233
"Bangkok, Thailand",27,1.9751921789444218
"Bangkok, Thailand",28,1.9331585711758836
"Bangkok, Thailand",29,1.7715745167784904
"Bangkok, Thailand",30,1.905453728434536
"Bangkok, Thailand",31,1.8388197537226867
"Bangkok, Thailand",32,1.7214284808841622
"Bangkok, Thailand",33,1.826339049428454
"Bangkok, Thailand",34,1.977842108974785
"Bangkok, Thailand",35,1.7740045000431541
"Bangkok, Thailand",36,1.9312940266402092
"Bangkok, Thailand",37,1.8419054816636666
"Bangkok, Thailand",38,2.0095034254544877
"Bangkok, Thailand",39,2.0825697656387505
"Bangkok, Thailand",40,1.830806078895327
"Bangkok, Thailand",41,1.4512500079668142
"Bangkok, Thailand",42,1.2756016695858932
"Bangkok, Thailand",43,1.3296200120039388
"Bangkok, Thailand",44,1.4690803921948925
"Bangkok, Thailand",45,1.430431712358521
"Bangkok, Thailand",46,1.5890091584721109
"Bangkok, Thailand",47,1.32718438554508
"Bangkok, Thailand",48,1.2273611666513677
"Bangkok, Thailand",49,1.2549254124041294
"Bangkok, Thailand",50,1.4478552155373
"Bangkok, Thailand",51,1.6574923110226987
"Bangkok, Thailand",52,1.6750582331867148
"Bangkok, Thailand",53,1.401327424907199
"Bangkok, Thailand",54,1.1349188532149181
"Bangkok, Thailand",55,1.2536022302935812
"Bangkok, Thailand",56,1.280538400080349
"Bangkok, Thailand",57,1.3806713712965766
"Bangkok, Thailand",58,1.4352345647363545
"Bangkok, Thailand",59,1.0904338023825357
"Bangkok, Thailand",60,0.7284093036448421
"Bangkok, Thailand",61,1.558876852150012
"Bangkok, Thailand",62,1.8241169632346097
"Bangkok, Thailand",63,1.5538143069988286
"Bangkok, Thailand",64,1.562319570977867
"Bangkok, Thailand",65,1.7498973693856055
"Bangkok, Thailand",66,1.771587897522145
"Bangkok, Thailand",67,1.7132690091384999
"Bangkok, Thailand",68,1.6850913865344261
"Bangkok, Thailand",69,1.4487849213787316
"Bangkok, Thailand",70,1.1982433186711106
"Bangkok, Thailand",71,1.342594814191957
"Bangkok, Thailand",72,1.395368206349005
"Bangkok, Thailand",73,1.6524347306662523
"Bangkok, Thailand",74,1.4752042715183988
"Bangkok, Thailand",75,1.846146821539598
"Bangkok, Thailand",76,1.974312348508073
"Bangkok, Thailand",77,1.5982579046604855
"Bangkok, Thailand",78,1.1574992180326948
"Bangkok, Thailand",79,1.3075673999015924
"Bangkok, Thailand",80,1.616018585181889
"Bangkok, Thailand",81,1.7109555580949198
"Bangkok, Thailand",82,1.8803790917102934
"Bangkok, Thailand",83,2.0376839208030693
"Bangkok, Thailand",84,1.8885991962007347
"Bangkok, Thailand",85,1.8101191952623126
"Bangkok, Thailand",86,1.8387688195284877
"Bangkok, Thailand",87,1.8188235138764897
"Bangkok, Thailand",88,1.8942870046046234
"Bangkok, Thailand",89,1.9150296836388094
"Bangkok, Thailand",90,1.667816282514316
"Bangkok, Thailand",91,1.8631018686423693
"Bangkok, Thailand",92,1.9226313644680741
"Bangkok, Thailand",93,2.0649314292757994
"Bangkok, Thailand",94,1.7560324899352644
"Bangkok, Thailand",95,1.6490239761737155
"Bangkok, Thailand",96,1.619746590338538
"Bangkok, Thailand",97,1.8122322649817848
"Bangkok, Thailand",98,1.8453252748442097
"Bangkok, Thailand",99,1.583131681087121
"Bangkok, Thailand",100,1.4380347428959768
"Bangkok, Thailand",101,1.656489448764743
"Bangkok, Thailand",102,2.1003855857626443
"Bangkok, Thailand",103,2.1416662320425788
"Bangkok, Thailand",104,2.099071223184197
"Bangkok, Thailand",105,2.063787992352518
"Bangkok, Thailand",106,1.976323318273341
"Bangkok, Thailand",107,1.8419137459059507
"Bangkok, Thailand",108,1.6294732543619002
"Bangkok, Thailand",109,1.6141600391954034
"Bangkok, Thailand",110,1.5481173692605954
"Bangkok, Thailand",111,1.6441933832754485
"Bangkok, Thailand",112,1.830020275075706
"Bangkok, Thailand",113,1.8923216805011553
"Bangkok, Thailand",114,1.8201429328443104
"Bangkok, Thailand",115,1.8534561026128715
"Bangkok, Thailand",116,1.6725018131561384
"Bangkok, Thailand",117,1.7131739272072117
"Bangkok, Thailand",118,1.793212478669916
"Bangkok, Thailand",119,1.9538000459234102
"Bangkok, Thailand",120,2.0105114234772072
"Bangkok, Thailand",121,1.9564396839122
"Bangkok, Thailand",122,2.1176397468057653
"Bangkok, Thailand",123,2.0026473361691863
"Bangkok, Thailand",124,1.9395249630908165
"Bangkok, Thailand",125,2.027662606258816
"Bangkok, Thailand",126,2.035911730663403
"Bangkok, Thailand",127,1.9453923852964867
"Bangkok, Thailand",128,1.6717561755110721
"Bangkok, Thailand",129,1.3884845610669758
"Bangkok, Thailand",130,1.6543569230225508
"Bangkok, Thailand",131,1.6792633414622176
"Bangkok, Thailand",132,1.6543519390584291
"Bangkok, Thailand",133,1.6095320416924515
"Bangkok, Thailand",134,1.6222643585583176
"Bangkok, Thailand",135,1.6047378978918123
"Bangkok, Thailand",136,1.5947094581189254
"Bangkok, Thailand",137,1.4750203352595437
"Bangkok, Thailand",138,1.325514360253747
"Bangkok, Thailand",139,1.5347501707707216
"Bangkok, Thailand",140,1.6066357507282019
"Bangkok, Thailand",141,1.5509011224945188
"Bangkok, Thailand",142,1.5291370771927761
"Bangkok, Thailand",143,1.3516150389554917
"Bangkok, Thailand",144,1.258881240127195
"Bangkok, Thailand",145,1.2165048885077332
"Bangkok, Thailand",146,1.0448798700891648
"Bangkok, Thailand",147,0.9465603414021917
"Bangkok, Thailand",148,1.0233674411772808
"Bangkok, Thailand",149,1.1913502563913803
"Bangkok, Thailand",150,1.0012855109401153
"Bangkok, Thailand",151,1.0023297385903391
"Bangkok, Thailand",152,1.199178541950985
"Bangkok, Thailand",153,1.174390287582756
"Bangkok, Thailand",154,1.197779901038552
"Bangkok, Thailand",155,1.1730948524179774
"Bangkok, Thailand",156,1.0347730853991048
"Bangkok, Thailand",157,1.0736540322527164
"Bangkok, Thailand",158,0.9252434397675996
"Bangkok, Thailand",159,0.832855197574494
"Bangkok, Thailand",160,0.9106126692528524
"Bangkok, Thailand",161,1.0697444667309481
"Bangkok, Thailand",162,1.0082660476446592
"Bangkok, Thailand",163,0.9846303005456637
"Bangkok, Thailand",164,0.938441535662311
"Bangkok, Thailand",165,0.9394599456225766
"Bangkok, Thailand",166,0.9253999478198314
"Bangkok, Thailand",167,1.000756584825642
"Bangkok, Thailand",168,0.8730937859045852
"Bangkok, Thailand",169,0.9194854188718653
"Bangkok, Thailand",170,1.1676056299010997
"Bangkok, Thailand",171,1.1201493737222368
"Bangkok, Thailand",172,1.0187258084132709
"Bangkok, Thailand",173,1.108248599239675
"Bangkok, Thailand",174,0.9592541092373765
"Bangkok, Thailand",175,0.9119719069056899
"Bangkok, Thailand",176,0.8197258862212576
"Bangkok, Thailand",177,0.7057804221061466
"Bangkok, Thailand",178,0.8650218135073537
"Bangkok, Thailand",179,0.8577235222331064
"Bangkok, Thailand",180,0.9502091402149272
"Bangkok, Thailand",181,0.8820139301273472
"Bangkok, Thailand",182,0.9665028991796262
"Bangkok, Thailand",183,1.0360318262639003
"Bangkok, Thailand",184,1.065142398841453
"Bangkok, Thailand",185,1.1471872947421269
"Bangkok, Thailand",186,1.067985101763996
"Bangkok, Thailand",187,0.9713023884505412
"Bangkok, Thailand",188,0.9629273988602082
"Bangkok, Thailand",189,0.8330733174336299
"Bangkok, Thailand",190,0.8148708700669823
"Bangkok, Thailand",191,0.9619442466251468
"Bangkok, Thailand",192,0.9744172378854815
"Bangkok, Thailand",193,1.131480792746912
"Bangkok, Thailand",194,1.1440958606106326
"Bangkok, Thailand",195,0.9043929376237294
"Bangkok, Thailand",196,0.6239389301714632
"Bangkok, Thailand",197,0.7973909291363442
"Bangkok, Thailand",198,0.8640113684554709
"Bangkok, Thailand",199,0.9793705101719692
"Bangkok, Thailand",200,0.8402763061119287
"Bangkok, Thailand",201,0.9733163758212754
"Bangkok, Thailand",202,0.979554926547063
"Bangkok, Thailand",203,0.9130235472789491
"Bangkok, Thailand",204,0.9059445154733701
"Bangkok, Thailand",205,0.8908983042881542
"Bangkok, Thailand",206,0.9758783109595527
"Bangkok, Thailand",207,0.944445512235299
"Bangkok, Thailand",208,0.8910630691677627
"Bangkok, Thailand",209,0.7983627538160595
"Bangkok, Thailand",210,0.6982582907434518
"Bangkok, Thailand",211,0.6935017007041101
"Bangkok, Thailand",212,0.7739117026297186
"Bangkok, Thailand",213,0.7778946487581697
"Bangkok, Thailand",214,0.6393318311134215
"Bangkok, Thailand",215,0.683964124709815
"Bangkok, Thailand",216,0.6988082198417478
"Bangkok, Thailand",217,0.6045907444606862
"Bangkok, Thailand",218,0.6459419593114809
"Bangkok, Thailand",219,0.6417032699626533
"Bangkok, Thailand",220,0.7726791957435412
"Bangkok, Thailand",221,0.7615185951928711
"Bangkok, Thailand",222,0.8999653211547565
"Bangkok, Thailand",223,0.8030974326057378
"Bangkok, Thailand",224,0.7452591175020075
"Bangkok, Thailand",225,0.715522953686033
"Bangkok, Thailand",226,0.7937945106629063
"Bangkok, Thailand",227,0.8395363602676283
"Bangkok, Thailand",228,0.8516101836301501
"Bangkok, Thailand",229,0.7199158322309828
"Bangkok, Thailand",230,0.7904366283421755
"Bangkok, Thailand",231,0.8173130253430128
"Bangkok, Thailand",232,0.7688348175936006
"Bangkok, Thailand",233,0.6226616722904458
"Bangkok, Thailand",234,0.6610626335657083
"Bangkok, Thailand",235,0.737929077532002
"Bangkok, Thailand",236,0.8937912160250588
"Bangkok, Thailand",237,0.8733598944795964
"Bangkok, Thailand",238,0.727189120458577
"Bangkok, Thailand",239,0.9421680050197393
"Bangkok, Thailand",240,0.7411970704553449
"Bangkok, Thailand",241,0.8334584648829167
"Bangkok, Thailand",242,0.701130580497735
"Bangkok, Thailand",243,0.7454105882208221
"Bangkok, Thailand",244,0.7916309067996409
"Bangkok, Thailand",245,0.7990836123024402
"Bangkok, Thailand",246,0.8141866783151619
"Bangkok, Thailand",247,0.8417723926925651
"Bangkok, Thailand",248,0.7383276342926998
"Bangkok, Thailand",249,0.6468081903432713
"Bangkok, Thailand",250,0.7672132860004737
"Bangkok, Thailand",251,0.8072835718182898
"Bangkok, Thailand",252,0.7142578460283848
"Bangkok, Thailand",253,0.792297052531636
"Bangkok, Thailand",254,0.7113236923854265
"Bangkok, Thailand",255,0.7387355633500667
"Bangkok, Thailand",256,0.7857214134379201
"Bangkok, Thailand",257,0.8892208623687827
"Bangkok, Thailand",258,0.88750103474912
"Bangkok, Thailand",259,0.7644803331047939
"Bangkok, Thailand",260,0.8262419059231951
"Bangkok, Thailand",261,0.7491523045921221
"Bangkok, Thailand",262,0.8019484728244944
"Bangkok, Thailand",263,0.7896115939780829
"Bangkok, Thailand",264,0.8477849200198763
"Bangkok, Thailand",265,0.8843615188276167
"Bangkok, Thailand",266,0.5831268687273073
"Bangkok, Thailand",267,0.7319131292391485
"Bangkok, Thailand",268,0.7480594698295662
"Bangkok, Thailand",269,0.6054750201288248
"Bangkok, Thailand",270,0.7726835735684938
"Bangkok, Thailand",271,0.804955942749317
"Bangkok, Thailand",272,0.873893622487856
"Bangkok, Thailand",273,0.7860486390816495
"Bangkok, Thailand",274,0.8354154819514326
"Bangkok, Thailand",275,0.6256140746512115
"Bangkok, Thailand",276,0.8148016269816367
"Bangkok, Thailand",277,0.9687629696328836
"Bangkok, Thailand",278,0.7901279100024922
"Bangkok, Thailand",279,0.933242857162043
"Bangkok, Thailand",280,0.7976138767636373
"Bangkok, Thailand",281,0.8217280559198614
"Bangkok, Thailand",282,0.9670981637615447
"Bangkok, Thailand",283,0.966026138909855
"Bangkok, Thailand",284,0.9691484023578705
"Bangkok, Thailand",285,0.9502934619620309
"Bangkok, Thailand",286,1.025940165946085
"Bangkok, Thailand",287,0.9904978514148863
"Bangkok, Thailand",288,1.2757950512072818
"Bangkok, Thailand",289,1.2330287869426144
"Bangkok, Thailand",290,1.0499342574807782
"Bangkok, Thailand",291,1.006771996039052
"Bangkok, Thailand",292,1.236168037319557
"Bangkok, Thailand",293,1.1375676686886216
"Bangkok, Thailand",294,1.2071462687532553
"Bangkok, Thailand",295,1.267620667411274
"Bangkok, Thailand",296,1.2994816823280457
"Bangkok, Thailand",297,1.2833445996778097
"Bangkok, Thailand",298,1.3281226119242304
"Bangkok, Thailand",299,1.2636981158957208
"Bangkok, Thailand",300,1.2456012243683714
"Bangkok, Thailand",301,1.1732613649327988
"Bangkok, Thailand",302,1.2361052479187788
"Bangkok, Thailand",303,1.4723230985601996
"Bangkok, Thailand",304,1.7081869770064333
"Bangkok, Thailand",305,1.5552189298171932
"Bangkok, Thailand",306,1.5599915975271088
"Bangkok, Thailand",307,1.787846508350401
"Bangkok, Thailand",308,1.8409634163153308
"Bangkok, Thailand",309,1.810581652304511
"Bangkok, Thailand",310,1.6982893239689694
"Bangkok, Thailand",311,1.5658203579065741
"Bangkok, Thailand",312,1.495358057060605
"Bangkok, Thailand",313,1.6576171159743875
"Bangkok, Thailand",314,2.0203076817564343
"Bangkok, Thailand",315,2.1726748525260655
"Bangkok, Thailand",316,2.1304506763984454
"Bangkok, Thailand",317,1.9422153797649095
"Bangkok, Thailand",318,1.8502812054150166
"Bangkok, Thailand",319,1.9639666251906074
"Bangkok, Thailand",320,1.753937687076709
"Bangkok, Thailand",321,1.4773443940983366
"Bangkok, Thailand",322,1.6830279989480657
"Bangkok, Thailand",323,1.9334539387304748
"Bangkok, Thailand",324,1.9873584090668692
"Bangkok, Thailand",325,2.0728102381303737
"Bangkok, Thailand",326,2.1631170617497744
"Bangkok, Thailand",327,1.9332591827412262
"Bangkok, Thailand",328,1.951278041094478
"Bangkok, Thailand",329,1.8417930068048993
"Bangkok, Thailand",330,1.714304203061477
"Bangkok, Thailand",331,1.9567784284843859
"Bangkok, Thailand",332,2.077313071809031
"Bangkok, Thailand",333,2.3621841377492667
"Bangkok, Thailand",334,2.529551389586332
"Bangkok, Thailand",335,2.741877828694076
"Bangkok, Thailand",336,2.812100429685696
"Bangkok, Thailand",337,2.5271065250610927
"Bangkok, Thailand",338,2.4138906074413247
"Bangkok, Thailand",339,2.3305812774733026
"Bangkok, Thailand",340,2.3499914533603743
"Bangkok, Thailand",341,2.50168310150997
"Bangkok, Thailand",342,2.3923075607279847
"Bangkok, Thailand",343,2.0860906897233704
"Bangkok, Thailand",344,2.015267675892418
"Bangkok, Thailand",345,2.018441235493778
"Bangkok, Thailand",346,1.9799863726654292
"Bangkok, Thailand",347,2.0972080882277027
"Bangkok, Thailand",348,2.0129942960527245
"Bangkok, Thailand",349,2.2529385438694125
"Bangkok, Thailand",350,2.1703290832981357
"Bangkok, Thailand",351,2.527354322834474
"Bangkok, Thailand",352,2.7899897606789605
"Bangkok, Thailand",353,2.9717737672082696
"Bangkok, Thailand",354,2.9145218802914603
"Bangkok, Thailand",355,2.899308913791328
"Bangkok, Thailand",356,3.011843596519297
"Bangkok, Thailand",357,2.9032031136727063
"Bangkok, Thailand",358,2.849821699848999
"Bangkok, Thailand",359,2.908213881572763
"Bangkok, Thailand",360,2.9009833118230253
"Bangkok, Thailand",361,2.676805036016942
"Bangkok, Thailand",362,2.492983165491686
"Bangkok, Thailand",363,2.2816329321802185
"Bangkok, Thailand",364,2.064877894408303
"Bangkok, Thailand",365,2.0772512304530246
"Bangkok, Thailand",366,1.6298270962394625
"Barrow, Alaska (Utqiaġvik)",1,5.703258665713298
"Barrow, Alaska (Utqiaġvik)",2,6.638877423637885
"Barrow, Alaska (Utqiaġvik)",3,7.002011863558981
"Barrow, Alaska (Utqiaġvik)",4,5.638427276860827
"Barrow, Alaska (Utqiaġvik)",5,5.425019300245283
"Barrow, Alaska (Utqiaġvik)",6,6.069032178661082
"Barrow, Alaska (Utqiaġvik)",7,6.361615302738942
"Barrow, Alaska (Utqiaġvik)",8,6.008736112719916
"Barrow, Alaska (Utqiaġvik)",9,6.2089130675115305
"Barrow, Alaska (Utqiaġvik)",10,5.588605153179059
"Barrow, Alaska (Utqiaġvik)",11,5.539407215024809
"Barrow, Alaska (Utqiaġvik)",12,5.359579295242055
"Barrow, Alaska (Utqiaġvik)",13,4.584723109813448
"Barrow, Alaska (Utqiaġvik)",14,4.76461678388216
"Barrow, Alaska (Utqiaġvik)",15,5.425197860792972
"Barrow, Alaska (Utqiaġvik)",16,6.062938931605043
"Barrow, Alaska (Utqiaġvik)",17,6.608774102465654
"Barrow, Alaska (Utqiaġvik)",18,6.057206194410651
"Barrow, Alaska (Utqiaġvik)",19,4.846524020838709
"Barrow, Alaska (Utqiaġvik)",20,5.713040621204692
"Barrow, Alaska (Utqiaġvik)",21,5.273572550165633
"Barrow, Alaska (Utqiaġvik)",22,4.838401750687627
"Barrow, Alaska (Utqiaġvik)",23,4.800331840846112
"Barrow, Alaska (Utqiaġvik)",24,5.467203944854264
"Barrow, Alaska (Utqiaġvik)",25,5.735681372198308
"Barrow, Alaska (Utqiaġvik)",26,5.334312995824366
"Barrow, Alaska (Utqiaġvik)",27,5.576538800136619
"Barrow, Alaska (Utqiaġvik)",28,5.590308720064008
"Barrow, Alaska (Utqiaġvik)",29,6.01583451002506
"Barrow, Alaska (Utqiaġvik)",30,6.949962781472128
"Barrow, Alaska (Utqiaġvik)",31,7.019951663157342
"Barrow, Alaska (Utqiaġvik)",32,6.923332837534333
"Barrow, Alaska (Utqiaġvik)",33,7.2842804881775365
"Barrow, Alaska (Utqiaġvik)",34,7.894324800715802
"Barrow, Alaska (Utqiaġvik)",35,7.7437937606583365
"Barrow, Alaska (Utqiaġvik)",36,6.703955791606473
"Barrow, Alaska (Utqiaġvik)",37,6.604115156316237
"Barrow, Alaska (Utqiaġvik)",38,7.600178210189447
"Barrow, Alaska (Utqiaġvik)",39,7.661284851173757
"Barrow, Alaska (Utqiaġvik)",40,6.437459776347579
"Barrow, Alaska (Utqiaġvik)",41,6.361183140845278
"Barrow, Alaska (Utqiaġvik)",42,7.067696231527048
"Barrow, Alaska (Utqiaġvik)",43,6.835312071917961
"Barrow, Alaska (Utqiaġvik)",44,6.46292066729873
"Barrow, Alaska (Utqiaġvik)",45,6.708483171237278
"Barrow, Alaska (Utqiaġvik)",46,7.473560528740246
"Barrow, Alaska (Utqiaġvik)",47,7.19807282759001
"Barrow, Alaska (Utqiaġvik)",48,6.649280191217
"Barrow, Alaska (Utqiaġvik)",49,6.700785571313804
"Barrow, Alaska (Utqiaġvik)",50,6.726270182710811
"Barrow, Alaska (Utqiaġvik)",51,5.862448816926101
"Barrow, Alaska (Utqiaġvik)",52,4.831398992653747
"Barrow, Alaska (Utqiaġvik)",53,4.900241283915719
"Barrow, Alaska (Utqiaġvik)",54,6.527042251256143
"Barrow, Alaska (Utqiaġvik)",55,7.256903077987062
"Barrow, Alaska (Utqiaġvik)",56,6.465281661781903
"Barrow, Alaska (Utqiaġvik)",57,6.4574031133488585
"Barrow, Alaska (Utqiaġvik)",58,6.251377624070673
"Barrow, Alaska (Utqiaġvik)",59,6.701941796017726
"Barrow, Alaska (Utqiaġvik)",60,6.0931083617129085
"Barrow, Alaska (Utqiaġvik)",61,5.1025275987892424
"Barrow, Alaska (Utqiaġvik)",62,5.727676820956966
"Barrow, Alaska (Utqiaġvik)",63,5.8265070276936255
"Barrow, Alaska (Utqiaġvik)",64,5.973206596139894
"Barrow, Alaska (Utqiaġvik)",65,5.731796039209276
"Barrow, Alaska (Utqiaġvik)",66,5.38137416431955
"Barrow, Alaska (Utqiaġvik)",67,4.68157099452141
"Barrow, Alaska (Utqiaġvik)",68,4.726607739046691
"Barrow, Alaska (Utqiaġvik)",69,5.965668671285748
"Barrow, Alaska (Utqiaġvik)",70,6.3536666179931425
"Barrow, Alaska (Utqiaġvik)",71,6.257318911300325
"Barrow, Alaska (Utqiaġvik)",72,5.777899663745718
"Barrow, Alaska (Utqiaġvik)",73,5.391484412986436
"Barrow, Alaska (Utqiaġvik)",74,4.360260286662008
"Barrow, Alaska (Utqiaġvik)",75,4.726030626885306
"Barrow, Alaska (Utqiaġvik)",76,5.204482024134091
"Barrow, Alaska (Utqiaġvik)",77,5.047804093146909
"Barrow, Alaska (Utqiaġvik)",78,5.055303889000936
"Barrow, Alaska (Utqiaġvik)",79,6.112935388973733
"Barrow, Alaska (Utqiaġvik)",80,6.3794090337154525
"Barrow, Alaska (Utqiaġvik)",81,6.281331862613815
"Barrow, Alaska (Utqiaġvik)",82,5.9502660190679215
"Barrow, Alaska (Utqiaġvik)",83,5.084416123313529
"Barrow, Alaska (Utqiaġvik)",84,5.178401002725813
"Barrow, Alaska (Utqiaġvik)",85,5.399506256301526
"Barrow, Alaska (Utqiaġvik)",86,5.511891637052079
"Barrow, Alaska (Utqiaġvik)",87,5.105422287491527
"Barrow, Alaska (Utqiaġvik)",88,5.263784777107059
"Barrow, Alaska (Utqiaġvik)",89,5.077295078791929
"Barrow, Alaska (Utqiaġvik)",90,4.813723351552871
"Barrow, Alaska (Utqiaġvik)",91,4.448566175162414
"Barrow, Alaska (Utqiaġvik)",92,5.286533547139534
"Barrow, Alaska (Utqiaġvik)",93,5.677966780928512
"Barrow, Alaska (Utqiaġvik)",94,5.235434819421819
"Barrow, Alaska (Utqiaġvik)",95,4.9308616505978105
"Barrow, Alaska (Utqiaġvik)",96,5.868730927173289
"Barrow, Alaska (Utqiaġvik)",97,5.62262384860641
"Barrow, Alaska (Utqiaġvik)",98,5.571615602572828
"Barrow, Alaska (Utqiaġvik)",99,5.659460726855172
"Barrow, Alaska (Utqiaġvik)",100,4.548452493383503
"Barrow, Alaska (Utqiaġvik)",101,5.31610801121386
"Barrow, Alaska (Utqiaġvik)",102,4.490628219705011
"Barrow, Alaska (Utqiaġvik)",103,5.143048799240993
"Barrow, Alaska (Utqiaġvik)",104,5.3924179211130125
"Barrow, Alaska (Utqiaġvik)",105,4.815189299658255
"Barrow, Alaska (Utqiaġvik)",106,4.854921480238499
"Barrow, Alaska (Utqiaġvik)",107,4.93339821729421
"Barrow, Alaska (Utqiaġvik)",108,4.39766337149219
"Barrow, Alaska (Utqiaġvik)",109,4.224579510456529
"Barrow, Alaska (Utqiaġvik)",110,4.487659017423184
"Barrow, Alaska (Utqiaġvik)",111,4.105910728081742
"Barrow, Alaska (Utqiaġvik)",112,4.358460430654544
"Barrow, Alaska (Utqiaġvik)",113,5.041769002275337
"Barrow, Alaska (Utqiaġvik)",114,4.807377187493507
"Barrow, Alaska (Utqiaġvik)",115,4.795189157811881
"Barrow, Alaska (Utqiaġvik)",116,4.745244308968405
"Barrow, Alaska (Utqiaġvik)",117,4.363002268498836
"Barrow, Alaska (Utqiaġvik)",118,4.164651579679488
"Barrow, Alaska (Utqiaġvik)",119,4.784532795348721
"Barrow, Alaska (Utqiaġvik)",120,5.018689425716343
"Barrow, Alaska (Utqiaġvik)",121,4.2593106756011165
"Barrow, Alaska (Utqiaġvik)",122,3.7148736174542343
"Barrow, Alaska (Utqiaġvik)",123,3.5763810295463396
"Barrow, Alaska (Utqiaġvik)",124,3.2165134417456165
"Barrow, Alaska (Utqiaġvik)",125,3.3772833948255006
"Barrow, Alaska (Utqiaġvik)",126,3.6727071416619066
"Barrow, Alaska (Utqiaġvik)",127,3.585004673569302
"Barrow, Alaska (Utqiaġvik)",128,3.5158363263945844
"Barrow, Alaska (Utqiaġvik)",129,3.5955857656139742
"Barrow, Alaska (Utqiaġvik)",130,3.4161165716775
"Barrow, Alaska (Utqiaġvik)",131,3.6418943563990496
"Barrow, Alaska (Utqiaġvik)",132,3.6740702466868886
"Barrow, Alaska (Utqiaġvik)",133,3.8830588504349
"Barrow, Alaska (Utqiaġvik)",134,3.868886372759957
"Barrow, Alaska (Utqiaġvik)",135,2.8725285820241115
"Barrow, Alaska (Utqiaġvik)",136,3.0235670168338276
"Barrow, Alaska (Utqiaġvik)",137,3.2199240664427955
"Barrow, Alaska (Utqiaġvik)",138,3.1154647677057863
"Barrow, Alaska (Utqiaġvik)",139,3.0628068470344347
"Barrow, Alaska (Utqiaġvik)",140,2.893953116515879
"Barrow, Alaska (Utqiaġvik)",141,3.047638490697158
"Barrow, Alaska (Utqiaġvik)",142,2.8517679320495883
"Barrow, Alaska (Utqiaġvik)",143,2.740306719997186
"Barrow, Alaska (Utqiaġvik)",144,2.943705148278272
"Barrow, Alaska (Utqiaġvik)",145,2.673299898388328
"Barrow, Alaska (Utqiaġvik)",146,2.4345404187936497
"Barrow, Alaska (Utqiaġvik)",147,2.136355840928605
"Barrow, Alaska (Utqiaġvik)",148,2.0421939762878716
"Barrow, Alaska (Utqiaġvik)",149,1.9278841138533724
"Barrow, Alaska (Utqiaġvik)",150,2.0109217643893347
"Barrow, Alaska (Utqiaġvik)",151,1.819276393568197
"Barrow, Alaska (Utqiaġvik)",152,2.112733567907714
"Barrow, Alaska (Utqiaġvik)",153,2.2571357366395186
"Barrow, Alaska (Utqiaġvik)",154,1.673223206425277
"Barrow, Alaska (Utqiaġvik)",155,1.8886567343067622
"Barrow, Alaska (Utqiaġvik)",156,1.7321544803403688
"Barrow, Alaska (Utqiaġvik)",157,1.4800240698574108
"Barrow, Alaska (Utqiaġvik)",158,1.6541007246199249
"Barrow, Alaska (Utqiaġvik)",159,1.7716057831075056
"Barrow, Alaska (Utqiaġvik)",160,1.814031695880065
"Barrow, Alaska (Utqiaġvik)",161,1.5552511472679336
"Barrow, Alaska (Utqiaġvik)",162,1.4807895299924656
"Barrow, Alaska (Utqiaġvik)",163,1.3456630477407667
"Barrow, Alaska (Utqiaġvik)",164,1.7107411570877433
"Barrow, Alaska (Utqiaġvik)",165,1.4039731262072115
"Barrow, Alaska (Utqiaġvik)",166,1.2566788169809444
"Barrow, Alaska (Utqiaġvik)",167,1.1876827999949335
"Barrow, Alaska (Utqiaġvik)",168,1.238070410106206
"Barrow, Alaska (Utqiaġvik)",169,1.33015449992003
"Barrow, Alaska (Utqiaġvik)",170,1.7941725023774957
"Barrow, Alaska (Utqiaġvik)",171,1.9128965202675199
"Barrow, Alaska (Utqiaġvik)",172,1.4096273291860375
"Barrow, Alaska (Utqiaġvik)",173,1.1224844085141201
"Barrow, Alaska (Utqiaġvik)",174,1.5538385940377957
"Barrow, Alaska (Utqiaġvik)",175,1.5533882186101138
"Barrow, Alaska (Utqiaġvik)",176,1.724214975952273
"Barrow, Alaska (Utqiaġvik)",177,1.5310819869425536
"Barrow, Alaska (Utqiaġvik)",178,1.8713297411199339
"Barrow, Alaska (Utqiaġvik)",179,1.8848949337310748
"Barrow, Alaska (Utqiaġvik)",180,1.9705895169713712
"Barrow, Alaska (Utqiaġvik)",181,1.5420580822277932
"Barrow, Alaska (Utqiaġvik)",182,1.7362185222117166
"Barrow, Alaska (Utqiaġvik)",183,1.7988686102535683
"Barrow, Alaska (Utqiaġvik)",184,1.6431628315261675
"Barrow, Alaska (Utqiaġvik)",185,1.8117310208071056
"Barrow, Alaska (Utqiaġvik)",186,1.6596766509244136
"Barrow, Alaska (Utqiaġvik)",187,1.8737550200771365
"Barrow, Alaska (Utqiaġvik)",188,1.5978981305195807
"Barrow, Alaska (Utqiaġvik)",189,1.5397632193523103
"Barrow, Alaska (Utqiaġvik)",190,1.7020902924452523
"Barrow, Alaska (Utqiaġvik)",191,1.5695152831691315
"Barrow, Alaska (Utqiaġvik)",192,1.3330477407316539
"Barrow, Alaska (Utqiaġvik)",193,1.8965661637629874
"Barrow, Alaska (Utqiaġvik)",194,2.5102671202083564
"Barrow, Alaska (Utqiaġvik)",195,2.1462622507626197
"Barrow, Alaska (Utqiaġvik)",196,1.7250007660016071
"Barrow, Alaska (Utqiaġvik)",197,1.741356546363921
"Barrow, Alaska (Utqiaġvik)",198,1.7827211989400096
"Barrow, Alaska (Utqiaġvik)",199,2.0352881968894385
"Barrow, Alaska (Utqiaġvik)",200,1.9429061486148993
"Barrow, Alaska (Utqiaġvik)",201,2.0780590431679697
"Barrow, Alaska (Utqiaġvik)",202,1.931911865655268
"Barrow, Alaska (Utqiaġvik)",203,1.971114772429245
"Barrow, Alaska (Utqiaġvik)",204,2.3146579069520503
"Barrow, Alaska (Utqiaġvik)",205,2.0323957030728343
"Barrow, Alaska (Utqiaġvik)",206,1.8090837857222677
"Barrow, Alaska (Utqiaġvik)",207,2.153798503004248
"Barrow, Alaska (Utqiaġvik)",208,2.068570951705794
"Barrow, Alaska (Utqiaġvik)",209,2.244559725541336
"Barrow, Alaska (Utqiaġvik)",210,2.2910844298483295
"Barrow, Alaska (Utqiaġvik)",211,2.0716080302187496
"Barrow, Alaska (Utqiaġvik)",212,2.018931436122389
"Barrow, Alaska (Utqiaġvik)",213,1.9292392984316664
"Barrow, Alaska (Utqiaġvik)",214,1.998344174497051
"Barrow, Alaska (Utqiaġvik)",215,2.0040916259600334
"Barrow, Alaska (Utqiaġvik)",216,2.3546643355672563
"Barrow, Alaska (Utqiaġvik)",217,2.3821702933572806
"Barrow, Alaska (Utqiaġvik)",218,2.2039198214275366
"Barrow, Alaska (Utqiaġvik)",219,2.0488284694555534
"Barrow, Alaska (Utqiaġvik)",220,2.2483940710026977
"Barrow, Alaska (Utqiaġvik)",221,2.3820125247521493
"Barrow, Alaska (Utqiaġvik)",222,2.2620801270196162
"Barrow, Alaska (Utqiaġvik)",223,2.293741508040574
"Barrow, Alaska (Utqiaġvik)",224,2.4205834544675966
"Barrow, Alaska (Utqiaġvik)",225,2.3394791143387152
"Barrow, Alaska (Utqiaġvik)",226,1.9742404539414289
"Barrow, Alaska (Utqiaġvik)",227,1.9016088659526613
"Barrow, Alaska (Utqiaġvik)",228,2.1387195963070775
"Barrow, Alaska (Utqiaġvik)",229,1.922824228234341
"Barrow, Alaska (Utqiaġvik)",230,1.756925107992693
"Barrow, Alaska (Utqiaġvik)",231,1.9796979610317629
"Barrow, Alaska (Utqiaġvik)",232,2.0522837791980444
"Barrow, Alaska (Utqiaġvik)",233,1.999502052176896
"Barrow, Alaska (Utqiaġvik)",234,2.0748831190495287
"Barrow, Alaska (Utqiaġvik)",235,1.9948764181999008
"Barrow, Alaska (Utqiaġvik)",236,2.016463147640644
"Barrow, Alaska (Utqiaġvik)",237,1.9665745430580062
"Barrow, Alaska (Utqiaġvik)",238,2.041540931826093
"Barrow, Alaska (Utqiaġvik)",239,1.9743304053989736
"Barrow, Alaska (Utqiaġvik)",240,1.818175022450302
"Barrow, Alaska (Utqiaġvik)",241,1.6351877264198902
"Barrow, Alaska (Utqiaġvik)",242,1.6653219028671702
"Barrow, Alaska (Utqiaġvik)",243,1.59651819558601
"Barrow, Alaska (Utqiaġvik)",244,1.6508535815052496
"Barrow, Alaska (Utqiaġvik)",245,1.6847950170485009
"Barrow, Alaska (Utqiaġvik)",246,1.8729458515372772
"Barrow, Alaska (Utqiaġvik)",247,2.056482595589358
"Barrow, Alaska (Utqiaġvik)",248,2.461952593131014
"Barrow, Alaska (Utqiaġvik)",249,2.095771477685666
"Barrow, Alaska (Utqiaġvik)",250,1.9304081659337209
"Barrow, Alaska (Utqiaġvik)",251,2.1160640993900146
"Barrow, Alaska (Utqiaġvik)",252,2.2323129933348094
"Barrow, Alaska (Utqiaġvik)",253,2.1400958638701004
"Barrow, Alaska (Utqiaġvik)",254,2.503154743134373
"Barrow, Alaska (Utqiaġvik)",255,2.306783303040873
"Barrow, Alaska (Utqiaġvik)",256,2.251002067203385
"Barrow, Alaska (Utqiaġvik)",257,2.417060694227012
"Barrow, Alaska (Utqiaġvik)",258,2.423519796279748
"Barrow, Alaska (Utqiaġvik)",259,2.2697978763707503
"Barrow, Alaska (Utqiaġvik)",260,2.531300911058498
"Barrow, Alaska (Utqiaġvik)",261,2.612190076905935
"Barrow, Alaska (Utqiaġvik)",262,2.5874358465558687
"Barrow, Alaska (Utqiaġvik)",263,2.0877500736388104
"Barrow, Alaska (Utqiaġvik)",264,2.30668831740604
"Barrow, Alaska (Utqiaġvik)",265,2.554760624773736
"Barrow, Alaska (Utqiaġvik)",266,2.652022832802962
"Barrow, Alaska (Utqiaġvik)",267,2.631518454489984
"Barrow, Alaska (Utqiaġvik)",268,2.3153419283646053
"Barrow, Alaska (Utqiaġvik)",269,1.9840282314664306
"Barrow, Alaska (Utqiaġvik)",270,2.3266448181741395
"Barrow, Alaska (Utqiaġvik)",271,2.3583155359321673
"Barrow, Alaska (Utqiaġvik)",272,2.4688573912200398
"Barrow, Alaska (Utqiaġvik)",273,2.614146210957252
"Barrow, Alaska (Utqiaġvik)",274,2.777878513912185
"Barrow, Alaska (Utqiaġvik)",275,2.6958126150367208
"Barrow, Alaska (Utqiaġvik)",276,2.74038140082495
"Barrow, Alaska (Utqiaġvik)",277,2.625178248251942
"Barrow, Alaska (Utqiaġvik)",278,3.0934856193225793
"Barrow, Alaska (Utqiaġvik)",279,3.0780100772968244
"Barrow, Alaska (Utqiaġvik)",280,3.4669917381605586
"Barrow, Alaska (Utqiaġvik)",281,3.9648715617352694
"Barrow, Alaska (Utqiaġvik)",282,3.7924782294045407
"Barrow, Alaska (Utqiaġvik)",283,3.6538322145397504
"Barrow, Alaska (Utqiaġvik)",284,3.565294265970179
"Barrow, Alaska (Utqiaġvik)",285,3.7644360260310363
"Barrow, Alaska (Utqiaġvik)",286,3.9556602739567808
"Barrow, Alaska (Utqiaġvik)",287,3.962917880673792
"Barrow, Alaska (Utqiaġvik)",288,4.080461022537552
"Barrow, Alaska (Utqiaġvik)",289,3.958245675376716
"Barrow, Alaska (Utqiaġvik)",290,4.580464325318773
"Barrow, Alaska (Utqiaġvik)",291,4.7786225148608334
"Barrow, Alaska (Utqiaġvik)",292,4.608701073121943
"Barrow, Alaska (Utqiaġvik)",293,4.763867855538365
"Barrow, Alaska (Utqiaġvik)",294,4.9933060264714175
"Barrow, Alaska (Utqiaġvik)",295,5.317935959062825
"Barrow, Alaska (Utqiaġvik)",296,5.3082723347341565
"Barrow, Alaska (Utqiaġvik)",297,5.42275107076433
"Barrow, Alaska (Utqiaġvik)",298,5.408046057167802
"Barrow, Alaska (Utqiaġvik)",299,5.176061380672615
"Barrow, Alaska (Utqiaġvik)",300,5.065886050822247
"Barrow, Alaska (Utqiaġvik)",301,5.593545259755988
"Barrow, Alaska (Utqiaġvik)",302,5.070417102991495
"Barrow, Alaska (Utqiaġvik)",303,5.34561304794417
"Barrow, Alaska (Utqiaġvik)",304,5.466469577395631
"Barrow, Alaska (Utqiaġvik)",305,5.377837158680562
"Barrow, Alaska (Utqiaġvik)",306,5.411795374501487
"Barrow, Alaska (Utqiaġvik)",307,5.558305862328611
"Barrow, Alaska (Utqiaġvik)",308,6.188104095267704
"Barrow, Alaska (Utqiaġvik)",309,6.0825020757133395
"Barrow, Alaska (Utqiaġvik)",310,5.927339329983527
"Barrow, Alaska (Utqiaġvik)",311,6.13690684151188
"Barrow, Alaska (Utqiaġvik)",312,6.05867680608497
"Barrow, Alaska (Utqiaġvik)",313,6.050747944436589
"Barrow, Alaska (Utqiaġvik)",314,6.227488048930898
"Barrow, Alaska (Utqiaġvik)",315,6.04784781666426
"Barrow, Alaska (Utqiaġvik)",316,6.396354781639338
"Barrow, Alaska (Utqiaġvik)",317,6.2397227595686555
"Barrow, Alaska (Utqiaġvik)",318,6.058970809694272
"Barrow, Alaska (Utqiaġvik)",319,5.597688717196593
"Barrow, Alaska (Utqiaġvik)",320,5.898931103231885
"Barrow, Alaska (Utqiaġvik)",321,6.302651930185067
"Barrow, Alaska (Utqiaġvik)",322,6.3572204292146175
"Barrow, Alaska (Utqiaġvik)",323,6.094041261809297
"Barrow, Alaska (Utqiaġvik)",324,5.834412184540278
"Barrow, Alaska (Utqiaġvik)",325,6.214936464172403
"Barrow, Alaska (Utqiaġvik)",326,6.502019181417259
"Barrow, Alaska (Utqiaġvik)",327,6.526540785090546
"Barrow, Alaska (Utqiaġvik)",328,5.663881985331546
"Barrow, Alaska (Utqiaġvik)",329,5.35934805997026
"Barrow, Alaska (Utqiaġvik)",330,4.868076055489438
"Barrow, Alaska (Utqiaġvik)",331,5.430776885426356
"Barrow, Alaska (Utqiaġvik)",332,5.772433835827514
"Barrow, Alaska (Utqiaġvik)",333,5.334196432980668
"Barrow, Alaska (Utqiaġvik)",334,5.6718212404775565
"Barrow, Alaska (Utqiaġvik)",335,5.760158248207898
"Barrow, Alaska (Utqiaġvik)",336,6.197005789984334
"Barrow, Alaska (Utqiaġvik)",337,5.697237354876594
"Barrow, Alaska (Utqiaġvik)",338,5.448904500328465
"Barrow, Alaska (Utqiaġvik)",339,5.295743174632829
"Barrow, Alaska (Utqiaġvik)",340,5.8179390144896965
"Barrow, Alaska (Utqiaġvik)",341,5.56916275434245
"Barrow, Alaska (Utqiaġvik)",342,5.201627870704075
"Barrow, Alaska (Utqiaġvik)",343,5.1595803611506295
"Barrow, Alaska (Utqiaġvik)",344,4.751467982796827
"Barrow, Alaska (Utqiaġvik)",345,4.67416580272611
"Barrow, Alaska (Utqiaġvik)",346,4.698402291301703
"Barrow, Alaska (Utqiaġvik)",347,4.60862636205537
"Barrow, Alaska (Utqiaġvik)",348,4.9249277261521724
"Barrow, Alaska (Utqiaġvik)",349,4.845116430396846
"Barrow, Alaska (Utqiaġvik)",350,5.055638093531771
"Barrow, Alaska (Utqiaġvik)",351,4.598421108525394
"Barrow, Alaska (Utqiaġvik)",352,5.351448540340778
"Barrow, Alaska (Utqiaġvik)",353,5.61526688579728
"Barrow, Alaska (Utqiaġvik)",354,5.724124955052701
"Barrow, Alaska (Utqiaġvik)",355,5.904914940500451
"Barrow, Alaska (Utqiaġvik)",356,6.342940391635358
"Barrow, Alaska (Utqiaġvik)",357,5.470327357238214
"Barrow, Alaska (Utqiaġvik)",358,5.454556990826418
"Barrow, Alaska (Utqiaġvik)",359,5.297035809968913
"Barrow, Alaska (Utqiaġvik)",360,4.753037812398382
"Barrow, Alaska (Utqiaġvik)",361,4.94300583779481
"Barrow, Alaska (Utqiaġvik)",362,4.859901577231843
"Barrow, Alaska (Utqiaġvik)",363,5.2938589167491035
"Barrow, Alaska (Utqiaġvik)",364,5.8452404700080445
"Barrow, Alaska (Utqiaġvik)",365,5.82209887014123
"Barrow, Alaska (Utqiaġvik)",366,6.158343637995234
"Cape Town, South Africa",1,1.0105243233261754
"Cape Town, South Africa",2,1.0234897345779632
"Cape Town, South Africa",3,1.4031664583849548
"Cape Town, South Africa",4,1.5327516744601055
"Cape Town, South Africa",5,1.234427801811769
"Cape Town, South Africa",6,1.1255329956571218
"Cape Town, South Africa",7,1.1245865343094352
"Cape Town, South Africa",8,1.0582102995411493
"Cape Town, South Africa",9,0.9204614386503562
"Cape Town, South Africa",10,1.1842056953773108
"Cape Town, South Africa",11,1.1397457850527257
"Cape Town, South Africa",12,1.0422626174032932
"Cape Town, South Africa",13,1.0538866955318429
"Cape Town, South Africa",14,1.0722076177101556
"Cape Town, South Africa",15,1.2750338883694372
"Cape Town, South Africa",16,1.1980276250048834
"Cape Town, South Africa",17,1.1415525526422226
"Cape Town, South Africa",18,1.2926301710022092
"Cape Town, South Africa",19,1.3402968968367381
"Cape Town, South Africa",20,1.173333981496874
"Cape Town, South Africa",21,1.1225575553691132
"Cape Town, South Africa",22,1.1905785009897611
"Cape Town, South Africa",23,1.1352578150155634
"Cape Town, South Africa",24,1.1793481913532584
"Cape Town, South Africa",25,1.1815588612061267
"Cape Town, South Africa",26,1.2017012913605045
"Cape Town, South Africa",27,1.0864235213089228
"Cape Town, South Africa",28,1.3172998160998994
"Cape Town, South Africa",29,1.12629861623758
"Cape Town, South Africa",30,0.9351793476452306
"Cape Town, South Africa",31,1.3263867050494458
"Cape Town, South Africa",32,1.228346918512792
"Cape Town, South Africa",33,1.0951573926097282
"Cape Town, South Africa",34,1.1472217566735743
"Cape Town, South Africa",35,1.1598666495853291
"Cape Town, South Africa",36,1.266355556448834
"Cape Town, South Africa",37,1.2937934456146527
"Cape Town, South Africa",38,1.4009331683102813
"Cape Town, South Africa",39,1.1998887148891746
"Cape Town, South Africa",40,1.6096353637480552
"Cape Town, South Africa",41,1.5380292021409987
"Cape Town, South Africa",42,1.1683325743247635
"Cape Town, South Africa",43,1.3046670778142389
"Cape Town, South Africa",44,1.2548904755827277
"Cape Town, South Africa",45,1.0943153129826566
"Cape Town, South Africa",46,1.0049304457750632
"Cape Town, South Africa",47,1.3668798090037597
"Cape Town, South Africa",48,1.4124686941094746
"Cape Town, South Africa",49,1.1790552350748016
"Cape Town, South Africa",50,1.2530283612096622
"Cape Town, South Africa",51,1.396710780451103
"Cape Town, South Africa",52,1.3149717438422754
"Cape Town, South Africa",53,1.2737123415293026
"Cape Town, South Africa",54,1.2310753261981104
"Cape Town, South Africa",55,1.3465096018307523
"Cape Town, South Africa",56,1.2395405955228977
"Cape Town, South Africa",57,1.21219078574995
"Cape Town, South Africa",58,1.3373235988472758
"Cape Town, South Africa",59,1.2468881137806722
"Cape Town, South Africa",60,1.3711767093200713
"Cape Town, South Africa",61,1.4060027419459065
"Cape Town, South Africa",62,1.5601600957314927
"Cape Town, South Africa",63,1.49354495505477
"Cape Town, South Africa",64,1.441746283755586
"Cape Town, South Africa",65,1.5712005078731361
"Cape Town, South Africa",66,1.4694773883683974
"Cape Town, South Africa",67,1.4123324986279826
"Cape Town, South Africa",68,1.4367585044119282
"Cape Town, South Africa",69,1.5327951226270458
"Cape Town, South Africa",70,1.4538405797368708
"Cape Town, South Africa",71,1.441730373316942
"Cape Town, South Africa",72,1.3057996140814665
"Cape Town, South Africa",73,1.4266144928483908
"Cape Town, South Africa",74,1.6318402950087911
"Cape Town, South Africa",75,1.4810374877663068
"Cape Town, South Africa",76,1.3137917784829158
"Cape Town, South Africa",77,1.2688432580624993
"Cape Town, South Africa",78,1.242576263925153
"Cape Town, South Africa",79,1.193314445462942
"Cape Town, South Africa",80,1.1474483134918563
"Cape Town, South Africa",81,0.8801637124288478
"Cape Town, South Africa",82,1.2689796095570085
"Cape Town, South Africa",83,1.4001178408575203
"Cape Town, South Africa",84,1.3327770686006506
"Cape Town, South Africa",85,1.1823142417197552
"Cape Town, South Africa",86,1.3117310996546754
"Cape Town, South Africa",87,1.41922067171056
"Cape Town, South Africa",88,1.4094060907138248
"Cape Town, South Africa",89,1.4021408427535191
"Cape Town, South Africa",90,1.322121429368638
"Cape Town, South Africa",91,1.1531686972847732
"Cape Town, South Africa",92,1.440644144014361
"Cape Town, South Africa",93,1.3605219897401866
"Cape Town, South Africa",94,1.014078774602528
"Cape Town, South Africa",95,1.1100228317938297
"Cape Town, South Africa",96,1.2935283703190652
"Cape Town, South Africa",97,1.2271558025109783
"Cape Town, South Africa",98,1.2529269748186964
"Cape Town, South Africa",99,1.2137956776763863
"Cape Town, South Africa",100,1.3613606821767492
"Cape Town, South Africa",101,1.4595297397829148
"Cape Town, South Africa",102,1.4498878537954272
"Cape Town, South Africa",103,1.4323269222709447
"Cape Town, South Africa",104,1.4641045976047178
"Cape Town, South Africa",105,1.3569675338596945
"Cape Town, South Africa",106,1.0790307685961358
"Cape Town, South Africa",107,1.256794535827322
"Cape Town, South Africa",108,1.2787147311407514
"Cape Town, South Africa",109,1.1825660993285678
"Cape Town, South Africa",110,1.1930943610352196
"Cape Town, South Africa",111,1.1182511215395785
"Cape Town, South Africa",112,1.1008580163186465
"Cape Town, South Africa",113,1.1190656732169553
"Cape Town, South Africa",114,1.3444312165310233
"Cape Town, South Africa",115,1.4590098259794002
"Cape Town, South Africa",116,1.1792091627321502
"Cape Town, South Africa",117,1.1927530468905987
"Cape Town, South Africa",118,1.1216574492258344
"Cape Town, South Africa",119,1.5076453505951746
"Cape Town, South Africa",120,1.1758304833526794
"Cape Town, South Africa",121,1.107711652781647
"Cape Town, South Africa",122,0.8910891677394461
"Cape Town, South Africa",123,1.0803842007090116
"Cape Town, South Africa",124,1.036015373497238
"Cape Town, South Africa",125,1.063030367566169
"Cape Town, South Africa",126,1.1452398725815167
"Cape Town, South Africa",127,1.0299256680007378
"Cape Town, South Africa",128,0.9036114995239269
"Cape Town, South Africa",129,0.9033992653075047
"Cape Town, South Africa",130,0.996005022190316
"Cape Town, South Africa",131,1.0354861182348523
"Cape Town, South Africa",132,1.007759115819833
"Cape Town, South Africa",133,1.0970833907107336
"Cape Town, South Africa",134,1.2167804883671651
"Cape Town, South Africa",135,1.1829452261342555
"Cape Town, South Africa",136,1.059197585114739
"Cape Town, South Africa",137,0.9825455570456718
"Cape Town, South Africa",138,1.00346671820517
"Cape Town, South Africa",139,1.2422719034211462
"Cape Town, South Africa",140,1.3437649256755013
"Cape Town, South Africa",141,1.3612126169645609
"Cape Town, South Africa",142,1.2813989407062614
"Cape Town, South Africa",143,0.9770089348484918
"Cape Town, South Africa",144,0.9487624074067463
"Cape Town, South Africa",145,1.032537771450255
"Cape Town, South Africa",146,0.9527599832191103
"Cape Town, South Africa",147,1.2531935315361888
"Cape Town, South Africa",148,1.1785246268038214
"Cape Town, South Africa",149,1.1100609234180747
"Cape Town, South Africa",150,0.9073006685610053
"Cape Town, South Africa",151,0.8527045333183404
"Cape Town, South Africa",152,1.0230057689879675
"Cape Town, South Africa",153,1.1874389046262015
"Cape Town, South Africa",154,1.0016248955021232
"Cape Town, South Africa",155,0.866607318941589
"Cape Town, South Africa",156,1.09400313742395
"Cape Town, South Africa",157,1.1969759950682197
"Cape Town, South Africa",158,1.1461975005902814
"Cape Town, South Africa",159,1.186435914705896
"Cape Town, South Africa",160,1.2070704318655738
"Cape Town, South Africa",161,1.124718052524462
"Cape Town, South Africa",162,0.8949872145259424
"Cape Town, South Africa",163,0.9606354431028734
"Cape Town, South Africa",164,1.005069049829913
"Cape Town, South Africa",165,0.8346011884506356
"Cape Town, South Africa",166,0.8539086540310832
"Cape Town, South Africa",167,0.8775837720443576
"Cape Town, South Africa",168,0.9819879952590971
"Cape Town, South Africa",169,1.0272168056211544
"Cape Town, South Africa",170,0.9480569870740674
"Cape Town, South Africa",171,0.9251412954195082
"Cape Town, South Africa",172,0.9592765894427187
"Cape Town, South Africa",173,1.164565993616666
"Cape Town, South Africa",174,0.9695061786517782
"Cape Town, South Africa",175,0.8840244082230074
"Cape Town, South Africa",176,0.8861216479992201
"Cape Town, South Africa",177,0.9358200381287061
"Cape Town, South Africa",178,1.108464930961394
"Cape Town, South Africa",179,1.3393804971997578
"Cape Town, South Africa",180,1.1611651899315052
"Cape Town, South Africa",181,1.0690446180346438
"Cape Town, South Africa",182,1.0093593723222243
"Cape Town, South Africa",183,1.0147870770951526
"Cape Town, South Africa",184,0.9911066486540906
"Cape Town, South Africa",185,0.8870308217006517
"Cape Town, South Africa",186,1.196069032739425
"Cape Town, South Africa",187,1.3515088271767133
"Cape Town, South Africa",188,1.2792571840398421
"Cape Town, South Africa",189,1.1215775284035752
"Cape Town, South Africa",190,1.0634265888798224
"Cape Town, South Africa",191,1.0193237612420099
"Cape Town, South Africa",192,1.1959415823939494
"Cape Town, South Africa",193,1.1691079159936009
"Cape Town, South Africa",194,1.104766795438947
"Cape Town, South Africa",195,1.1735348699161394
"Cape Town, South Africa",196,0.9957840038085646
"Cape Town, South Africa",197,1.3535419825480424
"Cape Town, South Africa",198,1.1510909201943653
"Cape Town, South Africa",199,1.0773886878828884
"Cape Town, South Africa",200,1.1437138376773777
"Cape Town, South Africa",201,1.1292741920568565
"Cape Town, South Africa",202,1.030682259312604
"Cape Town, South Africa",203,1.1110044167119626
"Cape Town, South Africa",204,1.1408433835513143
"Cape Town, South Africa",205,0.932676817826855
"Cape Town, South Africa",206,0.8601463504462752
"Cape Town, South Africa",207,0.8853547383309072
"Cape Town, South Africa",208,0.9106091576823552
"Cape Town, South Africa",209,0.750130186023124
"Cape Town, South Africa",210,0.9465098624217994
"Cape Town, South Africa",211,1.1051343513170189
"Cape Town, South Africa",212,1.1706373058734922
"Cape Town, South Africa",213,1.2792468342748065
"Cape Town, South Africa",214,1.0543229243228298
"Cape Town, South Africa",215,0.9709345501290235
"Cape Town, South Africa",216,0.8548645467175915
"Cape Town, South Africa",217,1.0241205942384621
"Cape Town, South Africa",218,1.036702774524179
"Cape Town, South Africa",219,0.973438441596163
"Cape Town, South Africa",220,0.8758496629760769
"Cape Town, South Africa",221,1.0341718505598991
"Cape Town, South Africa",222,1.1237163689300202
"Cape Town, South Africa",223,0.9740014401923799
"Cape Town, South Africa",224,0.7781435597479216
"Cape Town, South Africa",225,0.8566049807368947
"Cape Town, South Africa",226,0.9598457196324981
"Cape Town, South Africa",227,1.0827897129026782
"Cape Town, South Africa",228,1.1435023487358835
"Cape Town, South Africa",229,1.2531309625503337
"Cape Town, South Africa",230,1.1796274540008629
"Cape Town, South Africa",231,1.306412607346641
"Cape Town, South Africa",232,1.2619219209051282
"Cape Town, South Africa",233,1.1082384885793806
"Cape Town, South Africa",234,1.0387520973079833
"Cape Town, South Africa",235,1.1018720136480862
"Cape Town, South Africa",236,0.9757725567223292
"Cape Town, South Africa",237,0.8298103402860592
"Cape Town, South Africa",238,1.216914160487818
"Cape Town, South Africa",239,1.2984532186795814
"Cape Town, South Africa",240,1.1650846315746772
"Cape Town, South Africa",241,1.3978319062229794
"Cape Town, South Africa",242,1.402046582482307
"Cape Town, South Africa",243,1.0446277293961022
"Cape Town, South Africa",244,1.1541456437638307
"Cape Town, South Africa",245,0.9636690752954357
"Cape Town, South Africa",246,0.9447832732451423
"Cape Town, South Africa",247,1.1905902208550898
"Cape Town, South Africa",248,1.1874748912445066
"Cape Town, South Africa",249,1.1052542923417932
"Cape Town, South Africa",250,1.4682303531731171
"Cape Town, South Africa",251,1.069196216642612
"Cape Town, South Africa",252,0.897045744459711
"Cape Town, South Africa",253,1.100373254950981
"Cape Town, South Africa",254,1.106829534000676
"Cape Town, South Africa",255,1.4042225659770442
"Cape Town, South Africa",256,1.5675383672400354
"Cape Town, South Africa",257,1.2605814918815912
"Cape Town, South Africa",258,1.0542944245395691
"Cape Town, South Africa",259,1.0450158308278208
"Cape Town, South Africa",260,1.2296761076843465
"Cape Town, South Africa",261,1.2063852975968865
"Cape Town, South Africa",262,1.1922784297816602
"Cape Town, South Africa",263,1.2188982305368732
"Cape Town, South Africa",264,1.0626365103202218
"Cape Town, South Africa",265,1.0858582599384383
"Cape Town, South Africa",266,1.0439999463358514
"Cape Town, South Africa",267,1.0552737538479071
"Cape Town, South Africa",268,1.1531993367841522
"Cape Town, South Africa",269,1.340068471949751
"Cape Town, South Africa",270,1.2040457477981048
"Cape Town, South Africa",271,1.0820199524915664
"Cape Town, South Africa",272,1.078165578563494
"Cape Town, South Africa",273,1.2739880119316094
"Cape Town, South Africa",274,1.1573879563943823
"Cape Town, South Africa",275,1.22349193102587
"Cape Town, South Africa",276,1.1655622956823373
"Cape Town, South Africa",277,1.373266271958861
"Cape Town, South Africa",278,1.4311638694229427
"Cape Town, South Africa",279,1.5511166270457148
"Cape Town, South Africa",280,1.70024104434621
"Cape Town, South Africa",281,1.5785537443780822
"Cape Town, South Africa",282,1.3224921218147794
"Cape Town, South Africa",283,1.2466400296943636
"Cape Town, South Africa",284,1.1925461772099282
"Cape Town, South Africa",285,1.4068032186425667
"Cape Town, South Africa",286,1.3649735726828642
"Cape Town, South Africa",287,1.0897767290775204
"Cape Town, South Africa",288,1.324452657303247
"Cape Town, South Africa",289,1.2552277153314262
"Cape Town, South Africa",290,1.2705948025314258
"Cape Town, South Africa",291,1.0847095070053252
"Cape Town, South Africa",292,1.1086626755322797
"Cape Town, South Africa",293,1.4179088613560644
"Cape Town, South Africa",294,1.0436708218376043
"Cape Town, South Africa",295,1.258837407029261
"Cape Town, South Africa",296,1.1670710162072553
"Cape Town, South Africa",297,1.1782379029828263
"Cape Town, South Africa",298,1.1312301999715602
"Cape Town, South Africa",299,1.2038450335044983
"Cape Town, South Africa",300,1.3225696327240426
"Cape Town, South Africa",301,1.0209514227479155
"Cape Town, South Africa",302,1.0974776962967954
"Cape Town, South Africa",303,1.2971132976639879
"Cape Town, South Africa",304,1.3305206502890765
"Cape Town, South Africa",305,1.0502025124349748
"Cape Town, South Africa",306,1.1399334899555318
"Cape Town, South Africa",307,1.1453632971474303
"Cape Town, South Africa",308,1.0786926107164994
"Cape Town, South Africa",309,1.1616299513025712
"Cape Town, South Africa",310,1.0538828840020071
"Cape Town, South Africa",311,1.0960308941495358
"Cape Town, South Africa",312,0.9976494573477703
"Cape Town, South Africa",313,1.2424123196801542
"Cape Town, South Africa",314,1.289886338142898
"Cape Town, South Africa",315,1.2499189825753168
"Cape Town, South Africa",316,1.2260420127032023
"Cape Town, South Africa",317,1.4906560980108727
"Cape Town, South Africa",318,1.3643816022096613
"Cape Town, South Africa",319,1.368771227161223
"Cape Town, South Africa",320,1.394694719830185
"Cape Town, South Africa",321,1.1756012136480012
"Cape Town, South Africa",322,1.4087234261315895
"Cape Town, South Africa",323,1.2534679166942475
"Cape Town, South Africa",324,1.2780309908334206
"Cape Town, South Africa",325,1.3698280589931986
"Cape Town, South Africa",326,1.2033943141232935
"Cape Town, South Africa",327,1.141731627807768
"Cape Town, South Africa",328,0.9751674383251098
"Cape Town, South Africa",329,1.0561624258453057
"Cape Town, South Africa",330,1.3535485231978805
"Cape Town, South Africa",331,1.036991374089763
"Cape Town, South Africa",332,1.196732227048229
"Cape Town, South Africa",333,1.2123789580174806
"Cape Town, South Africa",334,1.4263420852607718
"Cape Town, South Africa",335,1.1208999517810445
"Cape Town, South Africa",336,1.0586273972334934
"Cape Town, South Africa",337,1.2100571116813676
"Cape Town, South Africa",338,1.3972535731100175
"Cape Town, South Africa",339,1.3841044723122748
"Cape Town, South Africa",340,1.2922138557718017
"Cape Town, South Africa",341,1.203953209144659
"Cape Town, South Africa",342,1.276480258325326
"Cape Town, South Africa",343,1.139415116457121
"Cape Town, South Africa",344,1.1815076189766145
"Cape Town, South Africa",345,1.1750890389546915
"Cape Town, South Africa",346,1.4859767326221127
"Cape Town, South Africa",347,1.3151980373230625
"Cape Town, South Africa",348,1.2699065862667018
"Cape Town, South Africa",349,1.2001845127702009
"Cape Town, South Africa",350,1.4719832445732661
"Cape Town, South Africa",351,1.3324534865686386
"Cape Town, South Africa",352,0.9781813171481859
"Cape Town, South Africa",353,0.9801976976238324
"Cape Town, South Africa",354,0.980602783078765
"Cape Town, South Africa",355,1.0253781852726236
"Cape Town, South Africa",356,0.9848148053546238
"Cape Town, South Africa",357,1.110650343738528
"Cape Town, South Africa",358,1.0782608736423227
"Cape Town, South Africa",359,1.2965755840841404
"Cape Town, South Africa",360,1.1964818052772084
"Cape Town, South Africa",361,1.2913182212043537
"Cape Town, South Africa",362,1.1810361130005362
"Cape Town, South Africa",363,1.30152114614743
"Cape Town, South Africa",364,1.1080915874481505
"Cape Town, South Africa",365,1.0731470337401912
"Cape Town, South Africa",366,1.0075947959012457
Greenland Ice Sheet,1,8.530386486241474
Greenland Ice Sheet,2,7.928037369536648
Greenland Ice Sheet,3,7.125269339518088
Greenland Ice Sheet,4,7.590683239351326
Greenland Ice Sheet,5,6.967940462701638
Greenland Ice Sheet,6,6.3967066215777795
Greenland Ice Sheet,7,6.7512062973475055
Greenland Ice Sheet,8,7.7342850696823975
Greenland Ice Sheet,9,7.26008536327429
Greenland Ice Sheet,10,9.229605366535846
Greenland Ice Sheet,11,8.929126201067366
Greenland Ice Sheet,12,7.862459103911227
Greenland Ice Sheet,13,7.442145028253916
Greenland Ice Sheet,14,7.943838358419276
Greenland Ice Sheet,15,8.144829703469563
Greenland Ice Sheet,16,8.41032930741696
Greenland Ice Sheet,17,7.385063617910951
Greenland Ice Sheet,18,8.212088968865237
Greenland Ice Sheet,19,8.523405094680989
Greenland Ice Sheet,20,8.514462736256677
Greenland Ice Sheet,21,7.575845433880958
Greenland Ice Sheet,22,6.839229136365005
Greenland Ice Sheet,23,8.0709769856673
Greenland Ice Sheet,24,6.918558123744275
Greenland Ice Sheet,25,6.345920132304014
Greenland Ice Sheet,26,8.486701249440301
Greenland Ice Sheet,27,8.271509556836483
Greenland Ice Sheet,28,7.972607635890296
Greenland Ice Sheet,29,7.493734278416733
Greenland Ice Sheet,30,7.460187335755488
Greenland Ice Sheet,31,7.726730855581015
Greenland Ice Sheet,32,8.089969133525502
Greenland Ice Sheet,33,7.713085813018368
Greenland Ice Sheet,34,7.602930651571171
Greenland Ice Sheet,35,6.698987849931559
Greenland Ice Sheet,36,6.768701490917598
Greenland Ice Sheet,37,7.579125025503926
Greenland Ice Sheet,38,7.4211554742464925
Greenland Ice Sheet,39,6.761976310650076
Greenland Ice Sheet,40,7.647579368027166
Greenland Ice Sheet,41,7.967367731750475
Greenland Ice Sheet,42,8.544461170951786
Greenland Ice Sheet,43,6.491232841725585
Greenland Ice Sheet,44,6.616277875672876
Greenland Ice Sheet,45,8.203105310406247
Greenland Ice Sheet,46,6.533953000107285
Greenland Ice Sheet,47,8.177329678199477
Greenland Ice Sheet,48,6.900862203691219
Greenland Ice Sheet,49,6.683022299135323
Greenland Ice Sheet,50,7.753247164652661
Greenland Ice Sheet,51,8.070826263466017
Greenland Ice Sheet,52,8.63155624516985
Greenland Ice Sheet,53,7.525126072707885
Greenland Ice Sheet,54,6.654081593269974
Greenland Ice Sheet,55,7.358559451328193
Greenland Ice Sheet,56,7.344664025031504
Greenland Ice Sheet,57,7.754569664855918
Greenland Ice Sheet,58,7.752838786500817
Greenland Ice Sheet,59,8.506272788018618
Greenland Ice Sheet,60,8.524163215396998
Greenland Ice Sheet,61,9.195093607939713
Greenland Ice Sheet,62,8.903860824343624
Greenland Ice Sheet,63,8.656088311241309
Greenland Ice Sheet,64,9.176683409229868
Greenland Ice Sheet,65,8.1444866369392
Greenland Ice Sheet,66,8.116554377831
Greenland Ice Sheet,67,7.9649028878376775
Greenland Ice Sheet,68,6.96181683216753
Greenland Ice Sheet,69,7.640626181543548
Greenland Ice Sheet,70,7.790786214589489
Greenland Ice Sheet,71,6.645115084977868
Greenland Ice Sheet,72,6.558364617705681
Greenland Ice Sheet,73,6.6336027594983795
Greenland Ice Sheet,74,6.990864633165119
Greenland Ice Sheet,75,8.867265500874671
Greenland Ice Sheet,76,9.148908237295906
Greenland Ice Sheet,77,8.664769473052448
Greenland Ice Sheet,78,7.529161106403117
Greenland Ice Sheet,79,7.172633196126329
Greenland Ice Sheet,80,7.196554848768397
Greenland Ice Sheet,81,7.043274167151063
Greenland Ice Sheet,82,7.142757457096599
Greenland Ice Sheet,83,7.667045302336235
Greenland Ice Sheet,84,7.759303966490646
Greenland Ice Sheet,85,6.28254635813154
Greenland Ice Sheet,86,6.251112691651054
Greenland Ice Sheet,87,6.0867611858537085
Greenland Ice Sheet,88,5.992218579917937
Greenland Ice Sheet,89,5.840997278478066
Greenland Ice Sheet,90,5.981737357840265
Greenland Ice Sheet,91,6.515154861144397
Greenland Ice Sheet,92,6.82467585907165
Greenland Ice Sheet,93,7.338789267105081
Greenland Ice Sheet,94,7.3229518996312475
Greenland Ice Sheet,95,6.659456389828964
Greenland Ice Sheet,96,7.372592006642298
Greenland Ice Sheet,97,6.480213937395788
Greenland Ice Sheet,98,6.1407983208141035
Greenland Ice Sheet,99,6.532255643721087
Greenland Ice Sheet,100,6.315058716765386
Greenland Ice Sheet,101,6.320151414375627
Greenland Ice Sheet,102,6.3130760637657595
Greenland Ice Sheet,103,6.149487508511272
Greenland Ice Sheet,104,5.486549086391047
Greenland Ice Sheet,105,5.58596017797626
Greenland Ice Sheet,106,5.759048400369741
Greenland Ice Sheet,107,5.951038550611718
Greenland Ice Sheet,108,6.821330523124374
Greenland Ice Sheet,109,6.414856072860713
Greenland Ice Sheet,110,6.01901442259863
Greenland Ice Sheet,111,5.8661067546252195
Greenland Ice Sheet,112,6.231467385956618
Greenland Ice Sheet,113,6.401967572155141
Greenland Ice Sheet,114,6.611858088994827
Greenland Ice Sheet,115,5.9639864394104265
Greenland Ice Sheet,116,5.841870677504339
Greenland Ice Sheet,117,6.095869880362331
Greenland Ice Sheet,118,6.448943158742638
Greenland Ice Sheet,119,5.55073465225136
Greenland Ice Sheet,120,5.8725565923397065
Greenland Ice Sheet,121,6.1628691176350126
Greenland Ice Sheet,122,5.286127942624241
Greenland Ice Sheet,123,4.946291983586512
Greenland Ice Sheet,124,4.585584314949813
Greenland Ice Sheet,125,5.280036652404976
Greenland Ice Sheet,126,5.695934401865897
Greenland Ice Sheet,127,5.486717152932076
Greenland Ice Sheet,128,4.798110373957287
Greenland Ice Sheet,129,4.721658074054868
Greenland Ice Sheet,130,4.827631023619289
Greenland Ice Sheet,131,5.03690760422808
Greenland Ice Sheet,132,4.4494427995217185
Greenland Ice Sheet,133,5.029947418804774
Greenland Ice Sheet,134,5.269450549242216
Greenland Ice Sheet,135,4.855932331231236
Greenland Ice Sheet,136,4.292852428950264
Greenland Ice Sheet,137,4.379486313482308
Greenland Ice Sheet,138,4.221163907707136
Greenland Ice Sheet,139,3.9945081948615484
Greenland Ice Sheet,140,4.261526515844191
Greenland Ice Sheet,141,3.92004068532841
Greenland Ice Sheet,142,4.14157225203377
Greenland Ice Sheet,143,3.9369475719054647
Greenland Ice Sheet,144,4.010700453656949
Greenland Ice Sheet,145,4.3476550020572375
Greenland Ice Sheet,146,3.829630417310839
Greenland Ice Sheet,147,3.7551037784450343
Greenland Ice Sheet,148,3.8193154085876233
Greenland Ice Sheet,149,3.892653974897785
Greenland Ice Sheet,150,3.445700357166044
Greenland Ice Sheet,151,3.6371896531441257
Greenland Ice Sheet,152,3.635934314640537
Greenland Ice Sheet,153,3.762577182030949
Greenland Ice Sheet,154,3.8691311281867407
Greenland Ice Sheet,155,3.8947603985826738
Greenland Ice Sheet,156,3.8995441472081542
Greenland Ice Sheet,157,3.3496243202306673
Greenland Ice Sheet,158,3.0580913622923123
Greenland Ice Sheet,159,3.4539390755224275
Greenland Ice Sheet,160,3.1857078678765127
Greenland Ice Sheet,161,3.1371675847084504
Greenland Ice Sheet,162,3.291939672535175
Greenland Ice Sheet,163,3.4072309006212054
Greenland Ice Sheet,164,3.7927743350281475
Greenland Ice Sheet,165,3.88704845171268
Greenland Ice Sheet,166,3.2856625806799356
Greenland Ice Sheet,167,2.9086441847805147
Greenland Ice Sheet,168,2.7265413333940365
Greenland Ice Sheet,169,3.1157678087519565
Greenland Ice Sheet,170,3.266107846522567
Greenland Ice Sheet,171,2.9462111961402484
Greenland Ice Sheet,172,2.9326160582373744
Greenland Ice Sheet,173,2.7985207509029975
Greenland Ice Sheet,174,2.8422909721563863
Greenland Ice Sheet,175,3.031944338101313
Greenland Ice Sheet,176,3.049127175565092
Greenland Ice Sheet,177,2.935257596267865
Greenland Ice Sheet,178,2.2906330425734684
Greenland Ice Sheet,179,2.86324565608744
Greenland Ice Sheet,180,2.4543283593603067
Greenland Ice Sheet,181,2.518737938607878
Greenland Ice Sheet,182,2.7137140067367835
Greenland Ice Sheet,183,2.649827739823847
Greenland Ice Sheet,184,2.2763420175739224
Greenland Ice Sheet,185,2.5035965672748057
Greenland Ice Sheet,186,2.613308949985843
Greenland Ice Sheet,187,2.8147406461097946
Greenland Ice Sheet,188,2.77441154265798
Greenland Ice Sheet,189,2.6128075347278554
Greenland Ice Sheet,190,2.693340183210193
Greenland Ice Sheet,191,2.6600807801401514
Greenland Ice Sheet,192,2.944620529614122
Greenland Ice Sheet,193,2.830708632769605
Greenland Ice Sheet,194,3.0590630863343375
Greenland Ice Sheet,195,2.7863207077938394
Greenland Ice Sheet,196,2.7674621830227206
Greenland Ice Sheet,197,2.860782457388004
Greenland Ice Sheet,198,2.865129236022705
Greenland Ice Sheet,199,2.753936899438474
Greenland Ice Sheet,200,3.1827586197023554
Greenland Ice Sheet,201,3.3451905696306565
Greenland Ice Sheet,202,3.127104957026891
Greenland Ice Sheet,203,2.851080161391602
Greenland Ice Sheet,204,2.869205641775987
Greenland Ice Sheet,205,2.730231270551576
Greenland Ice Sheet,206,2.6934541570227415
Greenland Ice Sheet,207,2.6318781125989035
Greenland Ice Sheet,208,2.727329802961611
Greenland Ice Sheet,209,3.052224460018306
Greenland Ice Sheet,210,3.5547757457450126
Greenland Ice Sheet,211,3.708353520781849
Greenland Ice Sheet,212,2.9998624616111167
Greenland Ice Sheet,213,3.011446476980942
Greenland Ice Sheet,214,3.0491969621795354
Greenland Ice Sheet,215,2.7357036036800775
Greenland Ice Sheet,216,2.546277513445007
Greenland Ice Sheet,217,2.8659348212367224
Greenland Ice Sheet,218,2.8229669291895894
Greenland Ice Sheet,219,2.740035136192365
Greenland Ice Sheet,220,2.7907053902289394
Greenland Ice Sheet,221,2.9778222795427576
Greenland Ice Sheet,222,3.1445701380420092
Greenland Ice Sheet,223,3.0401315326362757
Greenland Ice Sheet,224,3.1557796485614844
Greenland Ice Sheet,225,3.7791105688153563
Greenland Ice Sheet,226,3.067881032159517
Greenland Ice Sheet,227,2.479547235404162
Greenland Ice Sheet,228,2.8734643936482813
Greenland Ice Sheet,229,2.869892448132469
Greenland Ice Sheet,230,3.393746176104278
Greenland Ice Sheet,231,3.5344052476400405
Greenland Ice Sheet,232,3.685305515718615
Greenland Ice Sheet,233,4.200447493275355
Greenland Ice Sheet,234,4.0651161278852035
Greenland Ice Sheet,235,3.4607173363378867
Greenland Ice Sheet,236,3.5472602952894503
Greenland Ice Sheet,237,3.632560934508537
Greenland Ice Sheet,238,3.76747645055637
Greenland Ice Sheet,239,4.712549684015319
Greenland Ice Sheet,240,4.251488832617219
Greenland Ice Sheet,241,4.637471722245864
Greenland Ice Sheet,242,4.848428332343268
Greenland Ice Sheet,243,4.003781636029411
Greenland Ice Sheet,244,4.797743303198145
Greenland Ice Sheet,245,5.423379172531517
Greenland Ice Sheet,246,5.681003469707879
Greenland Ice Sheet,247,5.516358164548162
Greenland Ice Sheet,248,5.284192485327094
Greenland Ice Sheet,249,4.6676572107653005
Greenland Ice Sheet,250,4.560922164832185
Greenland Ice Sheet,251,4.520390466352163
Greenland Ice Sheet,252,5.233588645060696
Greenland Ice Sheet,253,5.4068483461305785
Greenland Ice Sheet,254,5.518998950770388
Greenland Ice Sheet,255,5.646060704590009
Greenland Ice Sheet,256,4.922376099948542
Greenland Ice Sheet,257,5.4404045327452835
Greenland Ice Sheet,258,5.527253919257668
Greenland Ice Sheet,259,4.882276891236929
Greenland Ice Sheet,260,5.465664320953548
Greenland Ice Sheet,261,5.524273535701465
Greenland Ice Sheet,262,5.074584867262824
Greenland Ice Sheet,263,5.246242549477603
Greenland Ice Sheet,264,5.570985713334922
Greenland Ice Sheet,265,6.035879626425088
Greenland Ice Sheet,266,5.72219259618395
Greenland Ice Sheet,267,6.197369693709372
Greenland Ice Sheet,268,6.42632878798867
Greenland Ice Sheet,269,5.864249572144543
Greenland Ice Sheet,270,5.470114785002173
Greenland Ice Sheet,271,3.934462496634161
Greenland Ice Sheet,272,4.702132815296159
Greenland Ice Sheet,273,5.293321987546929
Greenland Ice Sheet,274,6.724843341699619
Greenland Ice Sheet,275,6.0084267243516205
Greenland Ice Sheet,276,5.917101777567191
Greenland Ice Sheet,277,5.867133075748431
Greenland Ice Sheet,278,6.620105148529731
Greenland Ice Sheet,279,7.148308937501368
Greenland Ice Sheet,280,7.24130716009839
Greenland Ice Sheet,281,6.714717120194143
Greenland Ice Sheet,282,6.260198883695704
Greenland Ice Sheet,283,6.268518050687662
Greenland Ice Sheet,284,6.928925200905717
Greenland Ice Sheet,285,7.177987948837578
Greenland Ice Sheet,286,5.653243750703004
Greenland Ice Sheet,287,5.795634611471193
Greenland Ice Sheet,288,6.364672927130237
Greenland Ice Sheet,289,6.830096262697672
Greenland Ice Sheet,290,6.207735077190675
Greenland Ice Sheet,291,7.348850433609347
Greenland Ice Sheet,292,7.126114541365416
Greenland Ice Sheet,293,6.709988200365826
Greenland Ice Sheet,294,7.231979295069428
Greenland Ice Sheet,295,7.22086363375851
Greenland Ice Sheet,296,7.399886530613963
Greenland Ice Sheet,297,6.816538102431668
Greenland Ice Sheet,298,6.327408849474986
Greenland Ice Sheet,299,5.749916021079912
Greenland Ice Sheet,300,6.073272120485916
Greenland Ice Sheet,301,6.303440467999616
Greenland Ice Sheet,302,7.427164624925889
Greenland Ice Sheet,303,7.418059227018902
Greenland Ice Sheet,304,7.15701879069782
Greenland Ice Sheet,305,6.776428474887361
Greenland Ice Sheet,306,6.861732760747495
Greenland Ice Sheet,307,5.757057783578972
Greenland Ice Sheet,308,6.511552914095495
Greenland Ice Sheet,309,7.253112312209884
Greenland Ice Sheet,310,7.303141653609424
Greenland Ice Sheet,311,7.671110366138103
Greenland Ice Sheet,312,6.1010711117277925
Greenland Ice Sheet,313,5.4472723162242955
Greenland Ice Sheet,314,7.3222799790030635
Greenland Ice Sheet,315,8.05878714926289
Greenland Ice Sheet,316,7.223785160161473
Greenland Ice Sheet,317,7.8772761836815
Greenland Ice Sheet,318,8.108263970103556
Greenland Ice Sheet,319,7.695155346280065
Greenland Ice Sheet,320,7.282428706461426
Greenland Ice Sheet,321,7.5721325903719725
Greenland Ice Sheet,322,8.547349783367878
Greenland Ice Sheet,323,7.356164789634755
Greenland Ice Sheet,324,7.056339015097214
Greenland Ice Sheet,325,7.059804601743529
Greenland Ice Sheet,326,7.716813289611395
Greenland Ice Sheet,327,8.302972098348999
Greenland Ice Sheet,328,7.9233539383354135
Greenland Ice Sheet,329,8.30249624960048
Greenland Ice Sheet,330,8.8898800102248
Greenland Ice Sheet,331,7.8830595121898765
Greenland Ice Sheet,332,8.15559681495069
Greenland Ice Sheet,333,7.813698286961286
Greenland Ice Sheet,334,8.083675861475633
Greenland Ice Sheet,335,7.822386263148496
Greenland Ice Sheet,336,7.0304296465293765
Greenland Ice Sheet,337,7.506821041988959
Greenland Ice Sheet,338,8.125612561068884
Greenland Ice Sheet,339,8.296455380559024
Greenland Ice Sheet,340,8.468604383299864
Greenland Ice Sheet,341,8.107259986088371
Greenland Ice Sheet,342,7.303599343617708
Greenland Ice Sheet,343,7.536708264141167
Greenland Ice Sheet,344,7.646168021451146
Greenland Ice Sheet,345,7.589556036758353
Greenland Ice Sheet,346,7.545499449674074
Greenland Ice Sheet,347,8.726301280499943
Greenland Ice Sheet,348,8.09251470754022
Greenland Ice Sheet,349,7.238980223229262
Greenland Ice Sheet,350,8.050140318265465
Greenland Ice Sheet,351,7.387338387138417
Greenland Ice Sheet,352,7.618397089098741
Greenland Ice Sheet,353,8.131087223720225
Greenland Ice Sheet,354,8.082842711584295
Greenland Ice Sheet,355,8.10734739389695
Greenland Ice Sheet,356,8.178186747549926
Greenland Ice Sheet,357,8.03949393543173
Greenland Ice Sheet,358,6.797538495537092
Greenland Ice Sheet,359,6.674338522624377
Greenland Ice Sheet,360,6.579906323835012
Greenland Ice Sheet,361,6.253372620689763
Greenland Ice Sheet,362,6.509157750389087
Greenland Ice Sheet,363,7.218910723936759
Greenland Ice Sheet,364,6.76595251814564
Greenland Ice Sheet,365,7.420293498409412
Greenland Ice Sheet,366,9.433931408388647
"McMurdo Station, Antarctica",1,1.6119848932242158
"McMurdo Station, Antarctica",2,1.7521554680892844
"McMurdo Station, Antarctica",3,1.6702603732914634
"McMurdo Station, Antarctica",4,1.7107192211756401
"McMurdo Station, Antarctica",5,1.7033238709365655
"McMurdo Station, Antarctica",6,1.6010619493793892
"McMurdo Station, Antarctica",7,1.7127236200658589
"McMurdo Station, Antarctica",8,1.593380516180805
"McMurdo Station, Antarctica",9,1.726805379358606
"McMurdo Station, Antarctica",10,1.8688025555267582
"McMurdo Station, Antarctica",11,1.789727500015825
"McMurdo Station, Antarctica",12,1.7255258107218308
"McMurdo Station, Antarctica",13,1.8338312348430088
"McMurdo Station, Antarctica",14,1.5902999271681275
"McMurdo Station, Antarctica",15,1.8272280991783871
"McMurdo Station, Antarctica",16,1.727321919851408
"McMurdo Station, Antarctica",17,1.9413675543215707
"McMurdo Station, Antarctica",18,1.691186580700059
"McMurdo Station, Antarctica",19,1.8551560057032477
"McMurdo Station, Antarctica",20,1.8270708081088567
"McMurdo Station, Antarctica",21,1.9287412643207094
"McMurdo Station, Antarctica",22,2.3036255091177313
"McMurdo Station, Antarctica",23,2.191323607853034
"McMurdo Station, Antarctica",24,2.3380803255832534
"McMurdo Station, Antarctica",25,1.9401581744981211
"McMurdo Station, Antarctica",26,1.8601514379461215
"McMurdo Station, Antarctica",27,1.8145727194946029
"McMurdo Station, Antarctica",28,1.9634464429825653
"McMurdo Station, Antarctica",29,2.073933601009287
"McMurdo Station, Antarctica",30,1.9810172072639067
"McMurdo Station, Antarctica",31,1.8913786262465826
"McMurdo Station, Antarctica",32,2.0947885980721557
"McMurdo Station, Antarctica",33,2.0537812803628124
"McMurdo Station, Antarctica",34,2.277843598400422
"McMurdo Station, Antarctica",35,2.314393182538928
"McMurdo Station, Antarctica",36,2.427775672212681
"McMurdo Station, Antarctica",37,2.5816065519374445
"McMurdo Station, Antarctica",38,2.769887992789677
"McMurdo Station, Antarctica",39,2.7822304902824073
"McMurdo Station, Antarctica",40,2.98849841561391
"McMurdo Station, Antarctica",41,3.1535786159030126
"McMurdo Station, Antarctica",42,3.15199714366265
"McMurdo Station, Antarctica",43,2.6849100972740176
"McMurdo Station, Antarctica",44,2.6927831668985807
"McMurdo Station, Antarctica",45,2.699128040236301
"McMurdo Station, Antarctica",46,2.5858913430488464
"McMurdo Station, Antarctica",47,2.572651282131008
"McMurdo Station, Antarctica",48,2.6670164102925122
"McMurdo Station, Antarctica",49,3.0144026015775425
"McMurdo Station, Antarctica",50,3.406621645551616
"McMurdo Station, Antarctica",51,3.9482197328918525
"McMurdo Station, Antarctica",52,3.9993670217989314
"McMurdo Station, Antarctica",53,4.153872661346369
"McMurdo Station, Antarctica",54,4.128306983715848
"McMurdo Station, Antarctica",55,4.163474133516997
"McMurdo Station, Antarctica",56,3.619375179686671
"McMurdo Station, Antarctica",57,3.5870290388539363
"McMurdo Station, Antarctica",58,3.572963212867913
"McMurdo Station, Antarctica",59,3.9854704070850326
"McMurdo Station, Antarctica",60,3.8799324423984185
"McMurdo Station, Antarctica",61,3.545528725439627
"McMurdo Station, Antarctica",62,3.9008362726206296
"McMurdo Station, Antarctica",63,3.8828258695974536
"McMurdo Station, Antarctica",64,4.195392872314288
"McMurdo Station, Antarctica",65,4.002363486466625
"McMurdo Station, Antarctica",66,4.109370151786946
"McMurdo Station, Antarctica",67,4.493995212547705
"McMurdo Station, Antarctica",68,3.609116276317942
"McMurdo Station, Antarctica",69,3.2523324854932194
"McMurdo Station, Antarctica",70,3.1305104565894784
"McMurdo Station, Antarctica",71,4.383606852587828
"McMurdo Station, Antarctica",72,4.260709526119088
"McMurdo Station, Antarctica",73,4.41791698498941
"McMurdo Station, Antarctica",74,4.8407801906430965
"McMurdo Station, Antarctica",75,5.078748680598059
"McMurdo Station, Antarctica",76,4.728788865364195
"McMurdo Station, Antarctica",77,5.013351180939248
"McMurdo Station, Antarctica",78,4.550249092919089
"McMurdo Station, Antarctica",79,5.195330091232995
"McMurdo Station, Antarctica",80,4.56553257986881
"McMurdo Station, Antarctica",81,5.554605616224885
"McMurdo Station, Antarctica",82,5.421207060577699
"McMurdo Station, Antarctica",83,5.032401121384466
"McMurdo Station, Antarctica",84,5.58790849540913
"McMurdo Station, Antarctica",85,5.858264432103437
"McMurdo Station, Antarctica",86,5.346518754357613
"McMurdo Station, Antarctica",87,4.947148382064652
"McMurdo Station, Antarctica",88,4.503033743645046
"McMurdo Station, Antarctica",89,5.256574595676868
"McMurdo Station, Antarctica",90,5.2317581752840185
"McMurdo Station, Antarctica",91,5.393842992750528
"McMurdo Station, Antarctica",92,6.147504727637168
"McMurdo Station, Antarctica",93,6.375414176323114
"McMurdo Station, Antarctica",94,5.482839011478706
"McMurdo Station, Antarctica",95,4.638054469283677
"McMurdo Station, Antarctica",96,4.547837601530457
"McMurdo Station, Antarctica",97,4.980593559938648
"McMurdo Station, Antarctica",98,5.748271414959656
"McMurdo Station, Antarctica",99,5.504245872193981
"McMurdo Station, Antarctica",100,4.916863698110089
"McMurdo Station, Antarctica",101,5.322837569246642
"McMurdo Station, Antarctica",102,5.1776817514442595
"McMurdo Station, Antarctica",103,6.307054475127028
"McMurdo Station, Antarctica",104,6.671513120350627
"McMurdo Station, Antarctica",105,6.715189780218812
"McMurdo Station, Antarctica",106,6.810355793638158
"McMurdo Station, Antarctica",107,6.124338338511892
"McMurdo Station, Antarctica",108,6.681551657971338
"McMurdo Station, Antarctica",109,5.96984421553165
"McMurdo Station, Antarctica",110,7.139435560062087
"McMurdo Station, Antarctica",111,7.39246354629484
"McMurdo Station, Antarctica",112,6.852314773781573
"McMurdo Station, Antarctica",113,6.221004533847247
"McMurdo Station, Antarctica",114,6.584783358745131
"McMurdo Station, Antarctica",115,6.520799065647204
"McMurdo Station, Antarctica",116,6.622470377482578
"McMurdo Station, Antarctica",117,6.023512505754158
"McMurdo Station, Antarctica",118,5.43750332798615
"McMurdo Station, Antarctica",119,5.225496946739186
"McMurdo Station, Antarctica",120,6.054996552042216
"McMurdo Station, Antarctica",121,5.960854667922463
"McMurdo Station, Antarctica",122,5.108678657105425
"McMurdo Station, Antarctica",123,5.076877000085366
"McMurdo Station, Antarctica",124,5.8204515991615144
"McMurdo Station, Antarctica",125,6.252784491779183
"McMurdo Station, Antarctica",126,5.983890689185995
"McMurdo Station, Antarctica",127,6.738516361070467
"McMurdo Station, Antarctica",128,6.261041713675174
"McMurdo Station, Antarctica",129,6.148194336929434
"McMurdo Station, Antarctica",130,6.221617346811679
"McMurdo Station, Antarctica",131,6.10815846131905
"McMurdo Station, Antarctica",132,6.202499849809927
"McMurdo Station, Antarctica",133,6.495703800566451
"McMurdo Station, Antarctica",134,6.396705530900154
"McMurdo Station, Antarctica",135,6.414282309625038
"McMurdo Station, Antarctica",136,7.041862981446846
"McMurdo Station, Antarctica",137,6.87618533314289
"McMurdo Station, Antarctica",138,7.032538310209665
"McMurdo Station, Antarctica",139,6.164545270596581
"McMurdo Station, Antarctica",140,5.647833538503674
"McMurdo Station, Antarctica",141,5.912666966385906
"McMurdo Station, Antarctica",142,5.466813137228896
"McMurdo Station, Antarctica",143,5.497366926899101
"McMurdo Station, Antarctica",144,5.819832549010332
"McMurdo Station, Antarctica",145,6.342914455904794
"McMurdo Station, Antarctica",146,6.753744568583742
"McMurdo Station, Antarctica",147,6.426387758255046
"McMurdo Station, Antarctica",148,6.131759845712879
"McMurdo Station, Antarctica",149,5.750835121815671
"McMurdo Station, Antarctica",150,6.375094689011993
"McMurdo Station, Antarctica",151,6.541593252663919
"McMurdo Station, Antarctica",152,7.084300343974437
"McMurdo Station, Antarctica",153,5.891167300885203
"McMurdo Station, Antarctica",154,5.501587931446873
"McMurdo Station, Antarctica",155,5.116363351338285
"McMurdo Station, Antarctica",156,6.590707513502721
"McMurdo Station, Antarctica",157,7.076305529522159
"McMurdo Station, Antarctica",158,6.524644365090644
"McMurdo Station, Antarctica",159,6.977221815310324
"McMurdo Station, Antarctica",160,6.916312194063432
"McMurdo Station, Antarctica",161,6.509368058103355
"McMurdo Station, Antarctica",162,7.071206795103086
"McMurdo Station, Antarctica",163,6.164046335844984
"McMurdo Station, Antarctica",164,5.8296569684655415
"McMurdo Station, Antarctica",165,5.692098799394814
"McMurdo Station, Antarctica",166,6.0290447635673905
"McMurdo Station, Antarctica",167,5.26539576362202
"McMurdo Station, Antarctica",168,5.224820581197813
"McMurdo Station, Antarctica",169,5.967749171983019
"McMurdo Station, Antarctica",170,6.125641149512468
"McMurdo Station, Antarctica",171,6.2545757964257405
"McMurdo Station, Antarctica",172,6.076677467009005
"McMurdo Station, Antarctica",173,6.482910250583817
"McMurdo Station, Antarctica",174,5.86763009018669
"McMurdo Station, Antarctica",175,5.717240178066671
"McMurdo Station, Antarctica",176,5.325653752958968
"McMurdo Station, Antarctica",177,6.010848666480626
"McMurdo Station, Antarctica",178,5.50291482919154
"McMurdo Station, Antarctica",179,5.663062898763253
"McMurdo Station, Antarctica",180,6.003767404255219
"McMurdo Station, Antarctica",181,6.519299576348166
"McMurdo Station, Antarctica",182,6.578322571455631
"McMurdo Station, Antarctica",183,5.4578321779303955
"McMurdo Station, Antarctica",184,5.947326775255432
"McMurdo Station, Antarctica",185,5.669848631975438
"McMurdo Station, Antarctica",186,5.874667131049575
"McMurdo Station, Antarctica",187,5.7775559905639575
"McMurdo Station, Antarctica",188,5.8704990945787845
"McMurdo Station, Antarctica",189,6.1955172705329025
"McMurdo Station, Antarctica",190,6.729473350497264
"McMurdo Station, Antarctica",191,6.333516047863241
"McMurdo Station, Antarctica",192,6.097845749125411
"McMurdo Station, Antarctica",193,5.853074701100237
"McMurdo Station, Antarctica",194,5.051909582861098
"McMurdo Station, Antarctica",195,4.848229570501744
"McMurdo Station, Antarctica",196,5.220217137837598
"McMurdo Station, Antarctica",197,5.5401317521216775
"McMurdo Station, Antarctica",198,6.013717950991742
"McMurdo Station, Antarctica",199,6.47088357563876
"McMurdo Station, Antarctica",200,6.38525648427523
"McMurdo Station, Antarctica",201,6.711536862843767
"McMurdo Station, Antarctica",202,6.744397079515217
"McMurdo Station, Antarctica",203,6.261461524503125
"McMurdo Station, Antarctica",204,5.987154938703548
"McMurdo Station, Antarctica",205,5.836534130405743
"McMurdo Station, Antarctica",206,4.761394300738345
"McMurdo Station, Antarctica",207,4.707467505689738
"McMurdo Station, Antarctica",208,5.1074125752214945
"McMurdo Station, Antarctica",209,5.885427784014145
"McMurdo Station, Antarctica",210,5.461111701366229
"McMurdo Station, Antarctica",211,5.245608346406551
"McMurdo Station, Antarctica",212,5.790809460445763
"McMurdo Station, Antarctica",213,6.610714519533708
"McMurdo Station, Antarctica",214,6.4683254431154715
"McMurdo Station, Antarctica",215,7.027297104741528
"McMurdo Station, Antarctica",216,6.537180893784029
"McMurdo Station, Antarctica",217,6.132258205398271
"McMurdo Station, Antarctica",218,6.3928613852743545
"McMurdo Station, Antarctica",219,6.070167789928531
"McMurdo Station, Antarctica",220,6.2641349802458715
"McMurdo Station, Antarctica",221,5.942812930636571
"McMurdo Station, Antarctica",222,5.808362214715619
"McMurdo Station, Antarctica",223,6.555369162145522
"McMurdo Station, Antarctica",224,7.1358242618779455
"McMurdo Station, Antarctica",225,6.765411847256758
"McMurdo Station, Antarctica",226,6.035360128576153
"McMurdo Station, Antarctica",227,6.236494227825418
"McMurdo Station, Antarctica",228,5.870772137143285
"McMurdo Station, Antarctica",229,5.250352142624767
"McMurdo Station, Antarctica",230,5.69447798244935
"McMurdo Station, Antarctica",231,5.915784253149344
"McMurdo Station, Antarctica",232,5.954662607178318
"McMurdo Station, Antarctica",233,6.117465033452826
"McMurdo Station, Antarctica",234,6.382225665059668
"McMurdo Station, Antarctica",235,6.691302719385249
"McMurdo Station, Antarctica",236,6.9077398297869745
"McMurdo Station, Antarctica",237,6.325997280760917
"McMurdo Station, Antarctica",238,6.11570163603957
"McMurdo Station, Antarctica",239,6.133382334271276
"McMurdo Station, Antarctica",240,6.362230563915013
"McMurdo Station, Antarctica",241,6.840246999700618
"McMurdo Station, Antarctica",242,7.1747870849655015
"McMurdo Station, Antarctica",243,7.193997806487454
"McMurdo Station, Antarctica",244,6.3644821580027156
"McMurdo Station, Antarctica",245,6.523353473414731
"McMurdo Station, Antarctica",246,6.441085629838272
"McMurdo Station, Antarctica",247,6.339143388552923
"McMurdo Station, Antarctica",248,5.1993047337685185
"McMurdo Station, Antarctica",249,5.928394224971949
"McMurdo Station, Antarctica",250,4.595070360433686
"McMurdo Station, Antarctica",251,3.662543587254796
"McMurdo Station, Antarctica",252,4.983097917160415
"McMurdo Station, Antarctica",253,5.8286325587812975
"McMurdo Station, Antarctica",254,6.55619057310469
"McMurdo Station, Antarctica",255,7.041879355115965
"McMurdo Station, Antarctica",256,6.878750205298355
"McMurdo Station, Antarctica",257,7.365346450087034
"McMurdo Station, Antarctica",258,6.939816832153984
"McMurdo Station, Antarctica",259,6.425085285833376
"McMurdo Station, Antarctica",260,6.092756608193105
"McMurdo Station, Antarctica",261,5.390892381226131
"McMurdo Station, Antarctica",262,5.313351247556992
"McMurdo Station, Antarctica",263,5.44256713306192
"McMurdo Station, Antarctica",264,6.383120757320592
"McMurdo Station, Antarctica",265,5.8407732118678934
"McMurdo Station, Antarctica",266,5.4277426646262255
"McMurdo Station, Antarctica",267,5.551441654178334
"McMurdo Station, Antarctica",268,5.9059845083343205
"McMurdo Station, Antarctica",269,5.964653567273616
"McMurdo Station, Antarctica",270,5.089366702794955
"McMurdo Station, Antarctica",271,5.2772349252861215
"McMurdo Station, Antarctica",272,5.975321565559406
"McMurdo Station, Antarctica",273,5.3037382952840515
"McMurdo Station, Antarctica",274,5.821370172657258
"McMurdo Station, Antarctica",275,6.167242043134408
"McMurdo Station, Antarctica",276,5.673604563421026
"McMurdo Station, Antarctica",277,5.325729123573072
"McMurdo Station, Antarctica",278,5.24712811815874
"McMurdo Station, Antarctica",279,5.882343465030922
"McMurdo Station, Antarctica",280,5.46194849321144
"McMurdo Station, Antarctica",281,5.204420522056388
"McMurdo Station, Antarctica",282,4.775357081276728
"McMurdo Station, Antarctica",283,4.610553524848923
"McMurdo Station, Antarctica",284,4.109103459002519
"McMurdo Station, Antarctica",285,3.728372751227139
"McMurdo Station, Antarctica",286,4.172745729599403
"McMurdo Station, Antarctica",287,4.160306968213698
"McMurdo Station, Antarctica",288,4.562336643083268
"McMurdo Station, Antarctica",289,4.172889922649999
"McMurdo Station, Antarctica",290,4.054036904369188
"McMurdo Station, Antarctica",291,3.9809763269650618
"McMurdo Station, Antarctica",292,3.4916124506143875
"McMurdo Station, Antarctica",293,4.017324447790602
"McMurdo Station, Antarctica",294,4.657061541222265
"McMurdo Station, Antarctica",295,4.3127326361249985
"McMurdo Station, Antarctica",296,4.899100507464714
"McMurdo Station, Antarctica",297,4.889389053565356
"McMurdo Station, Antarctica",298,4.294204856412559
"McMurdo Station, Antarctica",299,3.991237177516285
"McMurdo Station, Antarctica",300,3.7702228779851823
"McMurdo Station, Antarctica",301,3.3065037774731145
"McMurdo Station, Antarctica",302,3.4186982117469964
"McMurdo Station, Antarctica",303,3.444542608874969
"McMurdo Station, Antarctica",304,3.317442236353684
"McMurdo Station, Antarctica",305,2.851572245378522
"McMurdo Station, Antarctica",306,2.91014406478464
"McMurdo Station, Antarctica",307,3.6131816752250114
"McMurdo Station, Antarctica",308,2.9928288498196647
"McMurdo Station, Antarctica",309,3.4276462979372906
"McMurdo Station, Antarctica",310,3.973138161440436
"McMurdo Station, Antarctica",311,3.7759332464447475
"McMurdo Station, Antarctica",312,3.123869368406241
"McMurdo Station, Antarctica",313,2.9040086295511247
"McMurdo Station, Antarctica",314,3.2235242866524954
"McMurdo Station, Antarctica",315,3.35545785402648
"McMurdo Station, Antarctica",316,3.0405328410850454
"McMurdo Station, Antarctica",317,2.8025281077851836
"McMurdo Station, Antarctica",318,2.839499581839073
"McMurdo Station, Antarctica",319,2.7400616110108373
"McMurdo Station, Antarctica",320,2.831573970819034
"McMurdo Station, Antarctica",321,2.5407735500351336
"McMurdo Station, Antarctica",322,2.401499971718697
"McMurdo Station, Antarctica",323,2.560552792374529
"McMurdo Station, Antarctica",324,2.8277767789604447
"McMurdo Station, Antarctica",325,2.9310334495621904
"McMurdo Station, Antarctica",326,2.906118536320546
"McMurdo Station, Antarctica",327,2.5528201356187035
"McMurdo Station, Antarctica",328,2.3561877511811464
"McMurdo Station, Antarctica",329,2.3834622249135506
"McMurdo Station, Antarctica",330,2.3294468828730244
"McMurdo Station, Antarctica",331,2.58276315970165
"McMurdo Station, Antarctica",332,2.099060446216601
"McMurdo Station, Antarctica",333,2.1867688811428794
"McMurdo Station, Antarctica",334,2.2553295582886514
"McMurdo Station, Antarctica",335,1.8306670534166276
"McMurdo Station, Antarctica",336,1.7881346505622069
"McMurdo Station, Antarctica",337,2.01115588444639
"McMurdo Station, Antarctica",338,1.9292128744673487
"McMurdo Station, Antarctica",339,2.183236282668906
"McMurdo Station, Antarctica",340,1.9978778778491821
"McMurdo Station, Antarctica",341,2.0226392550391608
"McMurdo Station, Antarctica",342,1.8205441854232005
"McMurdo Station, Antarctica",343,1.9518491801333713
"McMurdo Station, Antarctica",344,1.8420618072971244
"McMurdo Station, Antarctica",345,1.7561282610745175
"McMurdo Station, Antarctica",346,1.6465080609963634
"McMurdo Station, Antarctica",347,1.7135402814007865
"McMurdo Station, Antarctica",348,1.9519737937103367
"McMurdo Station, Antarctica",349,2.0789323268087196
"McMurdo Station, Antarctica",350,1.8909762347812302
"McMurdo Station, Antarctica",351,1.828703777347609
"McMurdo Station, Antarctica",352,1.7044159006439314
"McMurdo Station, Antarctica",353,1.9581803667786093
"McMurdo Station, Antarctica",354,2.1305949104192567
"McMurdo Station, Antarctica",355,2.1402146041453505
"McMurdo Station, Antarctica",356,1.9766571713219996
"McMurdo Station, Antarctica",357,2.108474832789663
"McMurdo Station, Antarctica",358,1.9341561440145352
"McMurdo Station, Antarctica",359,2.2414025547103655
"McMurdo Station, Antarctica",360,2.1746643564984796
"McMurdo Station, Antarctica",361,2.0520104615866095
"McMurdo Station, Antarctica",362,2.114636937235646
"McMurdo Station, Antarctica",363,2.022977456794236
"McMurdo Station, Antarctica",364,1.8099705649785565
"McMurdo Station, Antarctica",365,1.670684304861822
"McMurdo Station, Antarctica",366,1.7692823403855023
"Mexico City, Mexico",1,1.5721154161214645
"Mexico City, Mexico",2,2.0157633024072856
"Mexico City, Mexico",3,1.6501323382126722
"Mexico City, Mexico",4,1.439293710393404
"Mexico City, Mexico",5,1.6511637256942826
"Mexico City, Mexico",6,1.5394495838258713
"Mexico City, Mexico",7,1.5623842536410082
"Mexico City, Mexico",8,1.5992786428855519
"Mexico City, Mexico",9,1.305682550963312
"Mexico City, Mexico",10,1.5183613865649435
"Mexico City, Mexico",11,1.62388167730988
"Mexico City, Mexico",12,1.8482160989490322
"Mexico City, Mexico",13,1.963333164331746
"Mexico City, Mexico",14,1.8437196408795198
"Mexico City, Mexico",15,1.682467419398115
"Mexico City, Mexico",16,1.67043315773511
"Mexico City, Mexico",17,1.8666870830329183
"Mexico City, Mexico",18,1.8298179041554559
"Mexico City, Mexico",19,1.535530205722111
"Mexico City, Mexico",20,1.5889686444563782
"Mexico City, Mexico",21,1.5811326793418934
"Mexico City, Mexico",22,1.7405851243340131
"Mexico City, Mexico",23,1.8364589283043709
"Mexico City, Mexico",24,1.771129210037183
"Mexico City, Mexico",25,1.5013427922043712
"Mexico City, Mexico",26,1.718372798316993
"Mexico City, Mexico",27,2.09657582255067
"Mexico City, Mexico",28,1.78696501774098
"Mexico City, Mexico",29,1.6943740229977933
"Mexico City, Mexico",30,1.9943772971488276
"Mexico City, Mexico",31,1.7941492297949422
"Mexico City, Mexico",32,1.64504413019069
"Mexico City, Mexico",33,1.8163906518147468
"Mexico City, Mexico",34,1.617039470467133
"Mexico City, Mexico",35,2.135119159821876
"Mexico City, Mexico",36,2.0086953682558324
"Mexico City, Mexico",37,1.8072268595214878
"Mexico City, Mexico",38,1.920782687103939
"Mexico City, Mexico",39,2.0847213628388173
"Mexico City, Mexico",40,2.1217996046676664
"Mexico City, Mexico",41,1.8011896468065802
"Mexico City, Mexico",42,1.7428786393131928
"Mexico City, Mexico",43,1.925003651735918
"Mexico City, Mexico",44,1.8479800268682602
"Mexico City, Mexico",45,1.7747120035544508
"Mexico City, Mexico",46,1.871992118733523
"Mexico City, Mexico",47,2.020112351134232
"Mexico City, Mexico",48,1.9012282110150294
"Mexico City, Mexico",49,2.0428465920698744
"Mexico City, Mexico",50,1.3313761776549338
"Mexico City, Mexico",51,1.50665688121639
"Mexico City, Mexico",52,1.7899527407039226
"Mexico City, Mexico",53,1.9898286284003692
"Mexico City, Mexico",54,2.3736716881864894
"Mexico City, Mexico",55,2.094660230184226
"Mexico City, Mexico",56,1.8413416034604362
"Mexico City, Mexico",57,1.962027255512575
"Mexico City, Mexico",58,2.0694604090868736
"Mexico City, Mexico",59,1.8880370020024042
"Mexico City, Mexico",60,2.0896313742627024
"Mexico City, Mexico",61,2.206381097537031
"Mexico City, Mexico",62,2.0076591583192314
"Mexico City, Mexico",63,2.009443074422515
"Mexico City, Mexico",64,2.263912437421751
"Mexico City, Mexico",65,2.0020108680664657
"Mexico City, Mexico",66,1.9132728233072036
"Mexico City, Mexico",67,1.9828220407396953
"Mexico City, Mexico",68,2.086811842997857
"Mexico City, Mexico",69,2.2001114713254717
"Mexico City, Mexico",70,2.2221368969994493
"Mexico City, Mexico",71,2.182734806793182
"Mexico City, Mexico",72,2.1689054122076405
"Mexico City, Mexico",73,1.9271647036322574
"Mexico City, Mexico",74,2.0245006039910813
"Mexico City, Mexico",75,1.9613846125399963
"Mexico City, Mexico",76,1.7379327681340013
"Mexico City, Mexico",77,1.44451845345356
"Mexico City, Mexico",78,1.5459626714107135
"Mexico City, Mexico",79,1.9194857596229644
"Mexico City, Mexico",80,2.26505397356691
"Mexico City, Mexico",81,2.0636051270791613
"Mexico City, Mexico",82,1.7853295749894258
"Mexico City, Mexico",83,1.7672223968702978
"Mexico City, Mexico",84,1.7607839133264402
"Mexico City, Mexico",85,1.6120913366807936
"Mexico City, Mexico",86,1.6196164033094138
"Mexico City, Mexico",87,1.6220500952892631
"Mexico City, Mexico",88,1.4523237012430767
"Mexico City, Mexico",89,1.900768287973734
"Mexico City, Mexico",90,1.9495854711999008
"Mexico City, Mexico",91,1.6435279404102299
"Mexico City, Mexico",92,1.7878930990456958
"Mexico City, Mexico",93,1.7973838605239225
"Mexico City, Mexico",94,1.777754644221991
"Mexico City, Mexico",95,2.016647561922098
"Mexico City, Mexico",96,1.8397932109877502
"Mexico City, Mexico",97,1.5568415979473849
"Mexico City, Mexico",98,1.8105743397459002
"Mexico City, Mexico",99,2.0625759643900374
"Mexico City, Mexico",100,1.7317497780767643
"Mexico City, Mexico",101,1.650101412733302
"Mexico City, Mexico",102,1.6955058585210108
"Mexico City, Mexico",103,1.944761435284321
"Mexico City, Mexico",104,2.0810830623676635
"Mexico City, Mexico",105,1.9074753773012567
"Mexico City, Mexico",106,2.075695252738469
"Mexico City, Mexico",107,2.2139397407056247
"Mexico City, Mexico",108,2.060097392964455
"Mexico City, Mexico",109,1.7631565245980176
"Mexico City, Mexico",110,1.8114806968363126
"Mexico City, Mexico",111,1.8758334440820106
"Mexico City, Mexico",112,1.800985987880312
"Mexico City, Mexico",113,1.690689886960031
"Mexico City, Mexico",114,1.9341072969049062
"Mexico City, Mexico",115,1.9268210819973917
"Mexico City, Mexico",116,1.9290013738231016
"Mexico City, Mexico",117,1.8684449334525781
"Mexico City, Mexico",118,1.7043001669883788
"Mexico City, Mexico",119,1.717033600979368
"Mexico City, Mexico",120,1.5934578692179204
"Mexico City, Mexico",121,1.5239955795300257
"Mexico City, Mexico",122,1.692044983508313
"Mexico City, Mexico",123,1.9433229725075778
"Mexico City, Mexico",124,1.8758117059090367
"Mexico City, Mexico",125,1.8426307573201985
"Mexico City, Mexico",126,2.0244760630369822
"Mexico City, Mexico",127,2.0210832060015234
"Mexico City, Mexico",128,2.2522960800337297
"Mexico City, Mexico",129,1.9717315530073387
"Mexico City, Mexico",130,2.121821226476146
"Mexico City, Mexico",131,1.8830372209480317
"Mexico City, Mexico",132,1.8043898197353259
"Mexico City, Mexico",133,1.8570958709759098
"Mexico City, Mexico",134,1.7582782155558019
"Mexico City, Mexico",135,1.9060823280849213
"Mexico City, Mexico",136,1.7544407413790222
"Mexico City, Mexico",137,1.6032804636878502
"Mexico City, Mexico",138,1.8414042778780924
"Mexico City, Mexico",139,1.7855682172213292
"Mexico City, Mexico",140,1.8327675643768127
"Mexico City, Mexico",141,2.0277566912061964
"Mexico City, Mexico",142,1.8478513177743572
"Mexico City, Mexico",143,1.733748825357692
"Mexico City, Mexico",144,1.6343722084813586
"Mexico City, Mexico",145,1.696114263273656
"Mexico City, Mexico",146,1.7667118530394794
"Mexico City, Mexico",147,1.5744541656274826
"Mexico City, Mexico",148,1.523646090845245
"Mexico City, Mexico",149,1.6147939866900411
"Mexico City, Mexico",150,1.7200871456363798
"Mexico City, Mexico",151,1.7881694107208155
"Mexico City, Mexico",152,1.7208934174823374
"Mexico City, Mexico",153,1.620985592704252
"Mexico City, Mexico",154,1.8328861008730968
"Mexico City, Mexico",155,2.011732539837074
"Mexico City, Mexico",156,1.845812986571324
"Mexico City, Mexico",157,1.8718057640102028
"Mexico City, Mexico",158,1.638641344085232
"Mexico City, Mexico",159,1.5375976395198723
"Mexico City, Mexico",160,1.4693760990663343
"Mexico City, Mexico",161,1.4738997759966164
"Mexico City, Mexico",162,1.6913642116368428
"Mexico City, Mexico",163,1.6412325043065614
"Mexico City, Mexico",164,1.5742009617822341
"Mexico City, Mexico",165,1.4788922201200139
"Mexico City, Mexico",166,1.6233799698243976
"Mexico City, Mexico",167,1.5805361442153878
"Mexico City, Mexico",168,1.6638698079608125
"Mexico City, Mexico",169,1.566412577044183
"Mexico City, Mexico",170,1.5306003983016538
"Mexico City, Mexico",171,1.6107506161938017
"Mexico City, Mexico",172,1.538577412594327
"Mexico City, Mexico",173,1.2958312367281237
"Mexico City, Mexico",174,1.129828023920616
"Mexico City, Mexico",175,0.8684761934100924
"Mexico City, Mexico",176,0.9448329214583175
"Mexico City, Mexico",177,0.9573786831330368
"Mexico City, Mexico",178,1.0777465283085736
"Mexico City, Mexico",179,1.0465624793846826
"Mexico City, Mexico",180,1.2512382661713555
"Mexico City, Mexico",181,1.3450335393540611
"Mexico City, Mexico",182,1.2087220900228026
"Mexico City, Mexico",183,1.2366073242620734
"Mexico City, Mexico",184,1.1571205011245036
"Mexico City, Mexico",185,0.959814414540336
"Mexico City, Mexico",186,1.0695827909624598
"Mexico City, Mexico",187,1.1115576513443448
"Mexico City, Mexico",188,1.211190684931267
"Mexico City, Mexico",189,1.409297933710947
"Mexico City, Mexico",190,1.2662559049865545
"Mexico City, Mexico",191,1.1548631203040802
"Mexico City, Mexico",192,1.092451420296685
"Mexico City, Mexico",193,1.166251176895866
"Mexico City, Mexico",194,1.0718460296166952
"Mexico City, Mexico",195,1.1857922793684081
"Mexico City, Mexico",196,1.2382006313124956
"Mexico City, Mexico",197,1.1966573423190137
"Mexico City, Mexico",198,1.0278720398145667
"Mexico City, Mexico",199,0.9160796089283351
"Mexico City, Mexico",200,1.0125536292011683
"Mexico City, Mexico",201,0.9904596440814277
"Mexico City, Mexico",202,0.963540286506449
"Mexico City, Mexico",203,0.9556294484297405
"Mexico City, Mexico",204,1.0071109487053114
"Mexico City, Mexico",205,0.8840392056491253
"Mexico City, Mexico",206,0.8512930098288782
"Mexico City, Mexico",207,0.8453377610355267
"Mexico City, Mexico",208,0.8608956875127276
"Mexico City, Mexico",209,0.9113975282748223
"Mexico City, Mexico",210,1.0491489302292913
"Mexico City, Mexico",211,1.0279824860100197
"Mexico City, Mexico",212,1.1286118201542843
"Mexico City, Mexico",213,1.0134266438020398
"Mexico City, Mexico",214,0.8269589146454791
"Mexico City, Mexico",215,0.8588889462481842
"Mexico City, Mexico",216,0.8759382767600961
"Mexico City, Mexico",217,0.8704491744655145
"Mexico City, Mexico",218,1.0388386699776901
"Mexico City, Mexico",219,1.0174649039975812
"Mexico City, Mexico",220,1.025018408538867
"Mexico City, Mexico",221,0.9778414712608327
"Mexico City, Mexico",222,1.026335745954971
"Mexico City, Mexico",223,0.9359192098903942
"Mexico City, Mexico",224,0.8311504991395203
"Mexico City, Mexico",225,0.8887945550572224
"Mexico City, Mexico",226,0.8251913737931729
"Mexico City, Mexico",227,0.9012784846964593
"Mexico City, Mexico",228,0.8828849500898391
"Mexico City, Mexico",229,0.8160111239033684
"Mexico City, Mexico",230,1.0061782717728194
"Mexico City, Mexico",231,0.988562712621951
"Mexico City, Mexico",232,0.9113536559744138
"Mexico City, Mexico",233,0.8419750200931656
"Mexico City, Mexico",234,0.9641506466028054
"Mexico City, Mexico",235,0.8402586936797736
"Mexico City, Mexico",236,0.8254389248179729
"Mexico City, Mexico",237,0.8027451250112869
"Mexico City, Mexico",238,1.0185004314992023
"Mexico City, Mexico",239,0.9067446069544693
"Mexico City, Mexico",240,0.7604021412979362
"Mexico City, Mexico",241,0.7118247699899524
"Mexico City, Mexico",242,0.7978648502339866
"Mexico City, Mexico",243,0.7824297751655024
"Mexico City, Mexico",244,0.8013407105974885
"Mexico City, Mexico",245,0.8572817987408989
"Mexico City, Mexico",246,0.8412510504063135
"Mexico City, Mexico",247,0.9309844695011995
"Mexico City, Mexico",248,1.039764035477021
"Mexico City, Mexico",249,1.0772617192861373
"Mexico City, Mexico",250,0.9532136586672305
"Mexico City, Mexico",251,1.0889518206299478
"Mexico City, Mexico",252,1.1869933546997982
"Mexico City, Mexico",253,1.2564591678968184
"Mexico City, Mexico",254,1.2354451569087905
"Mexico City, Mexico",255,1.0000167810431304
"Mexico City, Mexico",256,0.8638581472209913
"Mexico City, Mexico",257,1.1712845083826415
"Mexico City, Mexico",258,1.0625326757815936
"Mexico City, Mexico",259,1.024077577003292
"Mexico City, Mexico",260,1.2525203977273358
"Mexico City, Mexico",261,1.2089924692477096
"Mexico City, Mexico",262,1.0996174618329173
"Mexico City, Mexico",263,1.207249157606343
"Mexico City, Mexico",264,1.2219151951694713
"Mexico City, Mexico",265,1.168976780125924
"Mexico City, Mexico",266,1.0815747856312659
"Mexico City, Mexico",267,1.1355325840641726
"Mexico City, Mexico",268,0.8936244404625278
"Mexico City, Mexico",269,1.059483798678268
"Mexico City, Mexico",270,1.4928408967192552
"Mexico City, Mexico",271,1.3572854663663436
"Mexico City, Mexico",272,1.429533014866031
"Mexico City, Mexico",273,1.6066031819821536
"Mexico City, Mexico",274,1.6249448844125256
"Mexico City, Mexico",275,1.4072849386389683
"Mexico City, Mexico",276,1.5839327210123053
"Mexico City, Mexico",277,1.588330728523265
"Mexico City, Mexico",278,1.5193212815096753
"Mexico City, Mexico",279,1.5489370971986645
"Mexico City, Mexico",280,1.3902326717520224
"Mexico City, Mexico",281,1.2676293400530037
"Mexico City, Mexico",282,1.1739856401583864
"Mexico City, Mexico",283,1.2589280945097212
"Mexico City, Mexico",284,1.5930108149851399
"Mexico City, Mexico",285,1.7383555660438892
"Mexico City, Mexico",286,1.6259874703391128
"Mexico City, Mexico",287,1.7293843385074472
"Mexico City, Mexico",288,1.7836839209371496
"Mexico City, Mexico",289,1.704090527029857
"Mexico City, Mexico",290,1.641143232608469
"Mexico City, Mexico",291,1.5319827829833124
"Mexico City, Mexico",292,1.8114659914155076
"Mexico City, Mexico",293,1.6236740077053944
"Mexico City, Mexico",294,1.534304009942621
"Mexico City, Mexico",295,1.7567480738358603
"Mexico City, Mexico",296,2.236119553018381
"Mexico City, Mexico",297,2.086540717795612
"Mexico City, Mexico",298,1.923849797774624
"Mexico City, Mexico",299,1.729741499586317
"Mexico City, Mexico",300,1.9460911519428348
"Mexico City, Mexico",301,2.0312979218611176
"Mexico City, Mexico",302,2.188453603683589
"Mexico City, Mexico",303,1.903891141823879
"Mexico City, Mexico",304,1.6192530838886408
"Mexico City, Mexico",305,1.585247861452907
"Mexico City, Mexico",306,1.5999886858743733
"Mexico City, Mexico",307,1.7640213884116558
"Mexico City, Mexico",308,2.0327349987277867
"Mexico City, Mexico",309,2.0235330473351563
"Mexico City, Mexico",310,2.151611176628138
"Mexico City, Mexico",311,2.194254208784742
"Mexico City, Mexico",312,1.788068202392157
"Mexico City, Mexico",313,1.7605630916207373
"Mexico City, Mexico",314,1.7317757051717917
"Mexico City, Mexico",315,1.8735993076830832
"Mexico City, Mexico",316,1.9269423906137377
"Mexico City, Mexico",317,2.0951255594681135
"Mexico City, Mexico",318,1.7039763221811244
"Mexico City, Mexico",319,1.4288688255075759
"Mexico City, Mexico",320,1.5476995648114487
"Mexico City, Mexico",321,1.6102007018416729
"Mexico City, Mexico",322,1.4451949070069752
"Mexico City, Mexico",323,1.72770632145408
"Mexico City, Mexico",324,1.9359685859410345
"Mexico City, Mexico",325,1.8376593716391945
"Mexico City, Mexico",326,2.0187652957287776
"Mexico City, Mexico",327,1.7937020871900249
"Mexico City, Mexico",328,1.685749561952688
"Mexico City, Mexico",329,1.6007323079690432
"Mexico City, Mexico",330,1.572652030181447
"Mexico City, Mexico",331,1.7937115901111145
"Mexico City, Mexico",332,1.927231744947011
"Mexico City, Mexico",333,1.8177440395266524
"Mexico City, Mexico",334,1.6757161228301456
"Mexico City, Mexico",335,1.4614685155648461
"Mexico City, Mexico",336,1.4262994890828997
"Mexico City, Mexico",337,1.5487926655721975
"Mexico City, Mexico",338,1.5743381273132055
"Mexico City, Mexico",339,1.5456613218217947
"Mexico City, Mexico",340,1.584796340147939
"Mexico City, Mexico",341,1.2583534620757275
"Mexico City, Mexico",342,1.6186058783500001
"Mexico City, Mexico",343,1.8843731468178486
"Mexico City, Mexico",344,1.653887517872935
"Mexico City, Mexico",345,1.367529581562389
"Mexico City, Mexico",346,1.4973893243186656
"Mexico City, Mexico",347,1.3672304029058244
"Mexico City, Mexico",348,1.5869897175584864
"Mexico City, Mexico",349,1.52011905620307
"Mexico City, Mexico",350,1.5810980475418985
"Mexico City, Mexico",351,1.5891137982686392
"Mexico City, Mexico",352,1.2950978478547368
"Mexico City, Mexico",353,1.8017717378593883
"Mexico City, Mexico",354,2.1225580422466974
"Mexico City, Mexico",355,1.5491939355336675
"Mexico City, Mexico",356,1.3587245877238745
"Mexico City, Mexico",357,1.3352222063688688
"Mexico City, Mexico",358,1.5300516614417825
"Mexico City, Mexico",359,1.695514540198748
"Mexico City, Mexico",360,1.4606790356690722
"Mexico City, Mexico",361,1.306099105408968
"Mexico City, Mexico",362,1.1767968807402938
"Mexico City, Mexico",363,1.3638631242043622
"Mexico City, Mexico",364,1.498421632587552
"Mexico City, Mexico",365,1.4739899074814906
"Mexico City, Mexico",366,0.891617529090707
"Mumbai, India",1,1.6389778404609983
"Mumbai, India",2,1.5874969161462273
"Mumbai, India",3,1.360194205602862
"Mumbai, India",4,1.4033262358813423
"Mumbai, India",5,1.3732821288784147
"Mumbai, India",6,1.3965609186774373
"Mumbai, India",7,1.4354613404903263
"Mumbai, India",8,1.6344623673991314
"Mumbai, India",9,1.6899482084211561
"Mumbai, India",10,1.862145378927799
"Mumbai, India",11,2.0460618983194903
"Mumbai, India",12,1.9717079636368369
"Mumbai, India",13,1.8809946876052457
"Mumbai, India",14,1.7133132472779447
"Mumbai, India",15,1.866561037230833
"Mumbai, India",16,1.889833040714418
"Mumbai, India",17,1.9140912178563596
"Mumbai, India",18,1.9825317888671852
"Mumbai, India",19,1.9680145283844692
"Mumbai, India",20,1.8600032252353316
"Mumbai, India",21,1.7929298544566976
"Mumbai, India",22,1.6010871537788844
"Mumbai, India",23,1.848674558045435
"Mumbai, India",24,2.2243378352887024
"Mumbai, India",25,2.1817994009057773
"Mumbai, India",26,2.0048606237111346
"Mumbai, India",27,1.7881976676307592
"Mumbai, India",28,1.8541449337950826
"Mumbai, India",29,1.9641775360783125
"Mumbai, India",30,1.9607957783937102
"Mumbai, India",31,1.9423963534974884
"Mumbai, India",32,1.8566534831379289
"Mumbai, India",33,1.5998104241548972
"Mumbai, India",34,1.6979623872450589
"Mumbai, India",35,1.6871808052984256
"Mumbai, India",36,1.748718951233071
"Mumbai, India",37,1.91158336239208
"Mumbai, India",38,2.017870832228925
"Mumbai, India",39,2.1886549080551534
"Mumbai, India",40,2.0355175020267158
"Mumbai, India",41,1.8064663624922732
"Mumbai, India",42,1.5280059273984852
"Mumbai, India",43,1.6009418970458302
"Mumbai, India",44,1.7194628936694532
"Mumbai, India",45,1.646462718080672
"Mumbai, India",46,1.7678147306140146
"Mumbai, India",47,1.8901969622304897
"Mumbai, India",48,2.029397842350532
"Mumbai, India",49,2.20961176313017
"Mumbai, India",50,2.262859458322233
"Mumbai, India",51,2.3765582625880843
"Mumbai, India",52,2.3594776157976836
"Mumbai, India",53,2.1037421982710893
"Mumbai, India",54,1.7431824921234336
"Mumbai, India",55,1.6264045320592133
"Mumbai, India",56,1.610516886155487
"Mumbai, India",57,1.7516675685223804
"Mumbai, India",58,1.8707903130358674
"Mumbai, India",59,1.9875829526481423
"Mumbai, India",60,2.3406589010167815
"Mumbai, India",61,2.1694308423418374
"Mumbai, India",62,2.094701056441285
"Mumbai, India",63,2.0577018729363674
"Mumbai, India",64,1.9736884879223708
"Mumbai, India",65,1.8076848520449842
"Mumbai, India",66,1.8366057459242429
"Mumbai, India",67,1.8879125915911392
"Mumbai, India",68,1.854661745514486
"Mumbai, India",69,2.0119009554512006
"Mumbai, India",70,2.1770910217822164
"Mumbai, India",71,2.01225383246198
"Mumbai, India",72,1.9088904467893257
"Mumbai, India",73,1.8432804083610774
"Mumbai, India",74,1.638989143424128
"Mumbai, India",75,1.6944923840921504
"Mumbai, India",76,1.6863373999999154
"Mumbai, India",77,1.6169767289827903
"Mumbai, India",78,1.5906569839509603
"Mumbai, India",79,1.6333625934011713
"Mumbai, India",80,1.7303400507795927
"Mumbai, India",81,1.7015097139169995
"Mumbai, India",82,1.6861613083322438
"Mumbai, India",83,1.5768093905487182
"Mumbai, India",84,1.8183154390646317
"Mumbai, India",85,1.8179832674357945
"Mumbai, India",86,1.7944944431660708
"Mumbai, India",87,1.7176698287482275
"Mumbai, India",88,1.5744859223447296
"Mumbai, India",89,1.645364556659981
"Mumbai, India",90,1.4778607725364772
"Mumbai, India",91,1.6323608209872886
"Mumbai, India",92,1.81151500902062
"Mumbai, India",93,1.6985910558615491
"Mumbai, India",94,1.7287587812908036
"Mumbai, India",95,1.6559904709104762
"Mumbai, India",96,1.4656373217768441
"Mumbai, India",97,1.2336875574590092
"Mumbai, India",98,1.2910169385911967
"Mumbai, India",99,1.4288637948335197
"Mumbai, India",100,1.5373480605239074
"Mumbai, India",101,1.539324554655904
"Mumbai, India",102,1.5487121260813645
"Mumbai, India",103,1.4641625188505432
"Mumbai, India",104,1.1932729875569044
"Mumbai, India",105,1.2023379928491926
"Mumbai, India",106,1.4994866457710343
"Mumbai, India",107,1.772336640432349
"Mumbai, India",108,1.6471857446500788
"Mumbai, India",109,1.4516094989427146
"Mumbai, India",110,1.1930699071649837
"Mumbai, India",111,1.3283376527305604
"Mumbai, India",112,1.3017511989363961
"Mumbai, India",113,1.2819830535864645
"Mumbai, India",114,1.2880405123761423
"Mumbai, India",115,1.2835172959678518
"Mumbai, India",116,1.2213903109795634
"Mumbai, India",117,1.2827791743507504
"Mumbai, India",118,1.2731544284695
"Mumbai, India",119,1.1630083057480283
"Mumbai, India",120,1.1837551556377455
"Mumbai, India",121,1.1187003558853141
"Mumbai, India",122,0.9216061389033132
"Mumbai, India",123,1.2107390113019274
"Mumbai, India",124,1.2826604223196414
"Mumbai, India",125,1.2027908877530347
"Mumbai, India",126,1.2430384583268101
"Mumbai, India",127,1.4958244030701924
"Mumbai, India",128,1.2588615909961731
"Mumbai, India",129,1.1032351762532855
"Mumbai, India",130,1.0938742318452965
"Mumbai, India",131,0.9625933962539054
"Mumbai, India",132,0.9191335599667131
"Mumbai, India",133,0.925736636003405
"Mumbai, India",134,0.8719120383026026
"Mumbai, India",135,1.0855250529545442
"Mumbai, India",136,0.8363826205447237
"Mumbai, India",137,0.9329230700038746
"Mumbai, India",138,1.1169431252448414
"Mumbai, India",139,1.3123289780855425
"Mumbai, India",140,1.2991150834317942
"Mumbai, India",141,1.1234386393218612
"Mumbai, India",142,1.0756055376983114
"Mumbai, India",143,1.1407998334687293
"Mumbai, India",144,0.997913997658637
"Mumbai, India",145,0.986376438182335
"Mumbai, India",146,1.0173431332347798
"Mumbai, India",147,0.9119777024739832
"Mumbai, India",148,0.945746346659543
"Mumbai, India",149,0.9950914148408998
"Mumbai, India",150,1.2054333258920822
"Mumbai, India",151,1.3051290913284066
"Mumbai, India",152,1.226141613278806
"Mumbai, India",153,1.2248568971943825
"Mumbai, India",154,1.2275217819487207
"Mumbai, India",155,1.3386898394542062
"Mumbai, India",156,1.3153026002530968
"Mumbai, India",157,1.1768922732489075
"Mumbai, India",158,1.2183007913408817
"Mumbai, India",159,1.4893353796744728
"Mumbai, India",160,1.428300543254278
"Mumbai, India",161,1.3027173381060506
"Mumbai, India",162,1.2779387431679343
"Mumbai, India",163,1.228950354827249
"Mumbai, India",164,1.1223479193229065
"Mumbai, India",165,1.1568672613852973
"Mumbai, India",166,1.2123606478191828
"Mumbai, India",167,1.1148778599945952
"Mumbai, India",168,1.1027743938069845
"Mumbai, India",169,1.0311808949233727
"Mumbai, India",170,0.9957402666594004
"Mumbai, India",171,0.8862898353836858
"Mumbai, India",172,0.7674298488713407
"Mumbai, India",173,0.8019422445764804
"Mumbai, India",174,0.8682860812059969
"Mumbai, India",175,0.8687616943712277
"Mumbai, India",176,0.792858451624813
"Mumbai, India",177,0.7046110212960935
"Mumbai, India",178,0.7387101995946724
"Mumbai, India",179,0.6975197679195034
"Mumbai, India",180,0.6723318969854224
"Mumbai, India",181,0.7054734289717796
"Mumbai, India",182,0.6216874584412071
"Mumbai, India",183,0.6354217773220693
"Mumbai, India",184,0.681023783163755
"Mumbai, India",185,0.7096607592608406
"Mumbai, India",186,0.7726652412609578
"Mumbai, India",187,0.6222969030277844
"Mumbai, India",188,0.5490046730932483
"Mumbai, India",189,0.5831236057088444
"Mumbai, India",190,0.5518323791062113
"Mumbai, India",191,0.53558147452674
"Mumbai, India",192,0.49888861683591923
"Mumbai, India",193,0.56517878703184
"Mumbai, India",194,0.5113742211730451
"Mumbai, India",195,0.49921460514223204
"Mumbai, India",196,0.5038968651817131
"Mumbai, India",197,0.518485964670456
"Mumbai, India",198,0.5322168325701814
"Mumbai, India",199,0.45831033320469533
"Mumbai, India",200,0.4733156405193615
"Mumbai, India",201,0.47766278232161047
"Mumbai, India",202,0.4794665375983316
"Mumbai, India",203,0.487889487711995
"Mumbai, India",204,0.5365320085460917
"Mumbai, India",205,0.516288592944948
"Mumbai, India",206,0.435187014791976
"Mumbai, India",207,0.4142424757948455
"Mumbai, India",208,0.35213513646615496
"Mumbai, India",209,0.3895763948725076
"Mumbai, India",210,0.37868862406437803
"Mumbai, India",211,0.4592018997979136
"Mumbai, India",212,0.4593328073488512
"Mumbai, India",213,0.4629033296493158
"Mumbai, India",214,0.4353788658984678
"Mumbai, India",215,0.41164979009210684
"Mumbai, India",216,0.4002997687515943
"Mumbai, India",217,0.416683015887841
"Mumbai, India",218,0.43869786180637943
"Mumbai, India",219,0.4093187115329488
"Mumbai, India",220,0.46221014001280275
"Mumbai, India",221,0.4605229011620531
"Mumbai, India",222,0.47147215576055657
"Mumbai, India",223,0.43689679044006396
"Mumbai, India",224,0.41965555190061926
"Mumbai, India",225,0.455765740428118
"Mumbai, India",226,0.45498757039919047
"Mumbai, India",227,0.5139409562915881
"Mumbai, India",228,0.5463571460850701
"Mumbai, India",229,0.5396295025292832
"Mumbai, India",230,0.5747364043288771
"Mumbai, India",231,0.5595783296168133
"Mumbai, India",232,0.5326450809319592
"Mumbai, India",233,0.5246049051942914
"Mumbai, India",234,0.5613237054726821
"Mumbai, India",235,0.6723643241243399
"Mumbai, India",236,0.7597906062381238
"Mumbai, India",237,0.6588188546923184
"Mumbai, India",238,0.5043845809467504
"Mumbai, India",239,0.5433050140265459
"Mumbai, India",240,0.566913073939741
"Mumbai, India",241,0.5530792143410841
"Mumbai, India",242,0.599484054065016
"Mumbai, India",243,0.6234373700172604
"Mumbai, India",244,0.5577379468318014
"Mumbai, India",245,0.5974654005568677
"Mumbai, India",246,0.7337523748300312
"Mumbai, India",247,0.6924656439680673
"Mumbai, India",248,0.656139125336265
"Mumbai, India",249,0.6602619763233649
"Mumbai, India",250,0.7244753149898204
"Mumbai, India",251,0.7119907400756601
"Mumbai, India",252,0.7567067291862599
"Mumbai, India",253,0.6968395886157418
"Mumbai, India",254,0.860492600698135
"Mumbai, India",255,0.8791541677885392
"Mumbai, India",256,0.8664870389010496
"Mumbai, India",257,0.7495666119220131
"Mumbai, India",258,0.6154530035487421
"Mumbai, India",259,0.6597479738554283
"Mumbai, India",260,0.5919175489694598
"Mumbai, India",261,0.6168178585393799
"Mumbai, India",262,0.7336499732829663
"Mumbai, India",263,0.7791317604946014
"Mumbai, India",264,0.7779428543065338
"Mumbai, India",265,0.8400584835676341
"Mumbai, India",266,0.7352327370226736
"Mumbai, India",267,0.6675044242911076
"Mumbai, India",268,0.6823481097779541
"Mumbai, India",269,0.7741533942322214
"Mumbai, India",270,0.8669046232388039
"Mumbai, India",271,0.9119995224582407
"Mumbai, India",272,0.9022524081618327
"Mumbai, India",273,1.0353537047158916
"Mumbai, India",274,1.1384231843752317
"Mumbai, India",275,1.1178578313355523
"Mumbai, India",276,0.9481845343629438
"Mumbai, India",277,0.951281765769657
"Mumbai, India",278,0.9503036957546274
"Mumbai, India",279,0.8955123021478254
"Mumbai, India",280,0.9740070023321011
"Mumbai, India",281,0.9786590687970403
"Mumbai, India",282,0.8652795317561306
"Mumbai, India",283,0.8433731227051762
"Mumbai, India",284,0.907569763304326
"Mumbai, India",285,0.950309480023434
"Mumbai, India",286,0.9778274176836034
"Mumbai, India",287,1.1033511082498229
"Mumbai, India",288,1.0863657239889022
"Mumbai, India",289,1.041569066604513
"Mumbai, India",290,1.1539668461570247
"Mumbai, India",291,1.106636214100826
"Mumbai, India",292,1.1024674181280039
"Mumbai, India",293,1.0030394611761442
"Mumbai, India",294,1.0390816353012395
"Mumbai, India",295,1.221840188440695
"Mumbai, India",296,1.3129165401645417
"Mumbai, India",297,1.2033080724090301
"Mumbai, India",298,1.1590328219910044
"Mumbai, India",299,1.1316302623825323
"Mumbai, India",300,1.036923889309081
"Mumbai, India",301,0.9641923084172547
"Mumbai, India",302,0.9691567736999295
"Mumbai, India",303,0.9443924577022547
"Mumbai, India",304,1.0784417346583237
"Mumbai, India",305,1.1135810423330452
"Mumbai, India",306,1.1437140456345798
"Mumbai, India",307,1.3604091692657816
"Mumbai, India",308,1.556116537617583
"Mumbai, India",309,1.429091951379207
"Mumbai, India",310,1.230978980109514
"Mumbai, India",311,1.2513556919010984
"Mumbai, India",312,1.2468443041599329
"Mumbai, India",313,1.3645539002630291
"Mumbai, India",314,1.3217819631616765
"Mumbai, India",315,1.5049375219695045
"Mumbai, India",316,1.3729212039062204
"Mumbai, India",317,1.49212540140923
"Mumbai, India",318,1.497890747461884
"Mumbai, India",319,1.408708118230269
"Mumbai, India",320,1.5329117196957391
"Mumbai, India",321,1.5569948557951345
"Mumbai, India",322,1.5888379148490044
"Mumbai, India",323,1.6359992679250084
"Mumbai, India",324,1.7043109747109195
"Mumbai, India",325,1.7413698406070726
"Mumbai, India",326,1.6278166514506343
"Mumbai, India",327,1.6155112786148917
"Mumbai, India",328,1.5201808581341996
"Mumbai, India",329,1.528179422294074
"Mumbai, India",330,1.4359405872036821
"Mumbai, India",331,1.4603493022447047
"Mumbai, India",332,1.4408752038485289
"Mumbai, India",333,1.4621559243616522
"Mumbai, India",334,1.414820882290073
"Mumbai, India",335,1.4412518049694487
"Mumbai, India",336,1.4426259238019299
"Mumbai, India",337,1.3020881546070007
"Mumbai, India",338,1.3899720897010814
"Mumbai, India",339,1.3715845337391321
"Mumbai, India",340,1.2734013316210275
"Mumbai, India",341,1.2922585199767238
"Mumbai, India",342,1.1456086530951624
"Mumbai, India",343,1.364689616145143
"Mumbai, India",344,1.4835674962253105
"Mumbai, India",345,1.5205837173393755
"Mumbai, India",346,1.596652550103037
"Mumbai, India",347,1.5604632179405757
"Mumbai, India",348,1.4006954630207271
"Mumbai, India",349,1.5665217628248271
"Mumbai, India",350,1.50856250619427
"Mumbai, India",351,1.562777180488708
"Mumbai, India",352,1.523677449594136
"Mumbai, India",353,1.3857648379312095
"Mumbai, India",354,1.383966020186808
"Mumbai, India",355,1.4850268005354883
"Mumbai, India",356,1.5693759953558464
"Mumbai, India",357,1.5302794967803706
"Mumbai, India",358,1.4609270963920533
"Mumbai, India",359,1.3011506332480083
"Mumbai, India",360,1.4235991036924074
"Mumbai, India",361,1.5007073032900158
"Mumbai, India",362,1.3404316776518042
"Mumbai, India",363,1.2054380613128712
"Mumbai, India",364,1.2698419896376612
"Mumbai, India",365,1.5292033016716742
"Mumbai, India",366,0.897987649236791
"Reykjavík, Iceland",1,2.8382548310991966
"Reykjavík, Iceland",2,3.7148417472603272
"Reykjavík, Iceland",3,4.199216578500104
"Reykjavík, Iceland",4,4.583901788055345
"Reykjavík, Iceland",5,3.9791645715028663
"Reykjavík, Iceland",6,3.3496074917573866
"Reykjavík, Iceland",7,3.348094871805922
"Reykjavík, Iceland",8,3.1793840402292184
"Reykjavík, Iceland",9,3.485066867027558
"Reykjavík, Iceland",10,3.3532563060587273
"Reykjavík, Iceland",11,3.601321345479157
"Reykjavík, Iceland",12,3.290569481997947
"Reykjavík, Iceland",13,3.1162331573406203
"Reykjavík, Iceland",14,3.4805344234973608
"Reykjavík, Iceland",15,4.163773718041466
"Reykjavík, Iceland",16,4.063307704711919
"Reykjavík, Iceland",17,4.053991872920843
"Reykjavík, Iceland",18,3.7597145417595166
"Reykjavík, Iceland",19,3.294895621480019
"Reykjavík, Iceland",20,3.5423237660958917
"Reykjavík, Iceland",21,3.294930984144409
"Reykjavík, Iceland",22,3.4715309086762125
"Reykjavík, Iceland",23,3.447481018073755
"Reykjavík, Iceland",24,4.121457970595195
"Reykjavík, Iceland",25,3.7985625062864115
"Reykjavík, Iceland",26,3.8134648780762825
"Reykjavík, Iceland",27,3.2234016394120144
"Reykjavík, Iceland",28,3.6547613243912904
"Reykjavík, Iceland",29,3.8007474159251537
"Reykjavík, Iceland",30,3.1733214004193475
"Reykjavík, Iceland",31,3.947719355250878
"Reykjavík, Iceland",32,3.817026476264921
"Reykjavík, Iceland",33,3.4033379569874422
"Reykjavík, Iceland",34,2.8263250554808623
"Reykjavík, Iceland",35,3.679164544320633
"Reykjavík, Iceland",36,3.2923690600362745
"Reykjavík, Iceland",37,3.249355896492701
"Reykjavík, Iceland",38,3.4743106378149076
"Reykjavík, Iceland",39,3.706095223764629
"Reykjavík, Iceland",40,3.1105651648567494
"Reykjavík, Iceland",41,3.3319576539342446
"Reykjavík, Iceland",42,3.516481843551217
"Reykjavík, Iceland",43,3.5397512484119913
"Reykjavík, Iceland",44,3.140991237073769
"Reykjavík, Iceland",45,2.7479254042794072
"Reykjavík, Iceland",46,2.9243066795439514
"Reykjavík, Iceland",47,2.8974598118907875
"Reykjavík, Iceland",48,2.904488798343697
"Reykjavík, Iceland",49,3.1966265500072755
"Reykjavík, Iceland",50,2.6086095358177706
"Reykjavík, Iceland",51,2.6021117928023414
"Reykjavík, Iceland",52,2.694161293240583
"Reykjavík, Iceland",53,3.0462565232588057
"Reykjavík, Iceland",54,3.4522803077773436
"Reykjavík, Iceland",55,3.740803183363116
"Reykjavík, Iceland",56,3.466709359660135
"Reykjavík, Iceland",57,3.722361375147255
"Reykjavík, Iceland",58,3.6441595298020277
"Reykjavík, Iceland",59,3.791597942519315
"Reykjavík, Iceland",60,4.061826191207072
"Reykjavík, Iceland",61,3.3091574124128407
"Reykjavík, Iceland",62,3.3505796096989298
"Reykjavík, Iceland",63,3.318662099244824
"Reykjavík, Iceland",64,3.521267212258515
"Reykjavík, Iceland",65,3.001200490952275
"Reykjavík, Iceland",66,3.135041962689241
"Reykjavík, Iceland",67,3.1900443043706743
"Reykjavík, Iceland",68,3.1012748861817676
"Reykjavík, Iceland",69,3.31805907343422
"Reykjavík, Iceland",70,2.958471299723836
"Reykjavík, Iceland",71,2.897242364601019
"Reykjavík, Iceland",72,3.140456557414279
"Reykjavík, Iceland",73,3.3948480662961447
"Reykjavík, Iceland",74,3.3827470713037906
"Reykjavík, Iceland",75,3.3201849842756843
"Reykjavík, Iceland",76,3.3363310085045024
"Reykjavík, Iceland",77,3.6641698655197006
"Reykjavík, Iceland",78,3.5403539257624703
"Reykjavík, Iceland",79,2.9832376668217684
"Reykjavík, Iceland",80,3.1518650054666035
"Reykjavík, Iceland",81,3.0050983721362012
"Reykjavík, Iceland",82,2.8601024076492467
"Reykjavík, Iceland",83,2.7498253644338435
"Reykjavík, Iceland",84,2.875752856662134
"Reykjavík, Iceland",85,2.9232384786328725
"Reykjavík, Iceland",86,2.8011010652223622
"Reykjavík, Iceland",87,2.7841636405911654
"Reykjavík, Iceland",88,2.641795098506831
"Reykjavík, Iceland",89,2.852091504733712
"Reykjavík, Iceland",90,2.834548485434509
"Reykjavík, Iceland",91,2.923519556321542
"Reykjavík, Iceland",92,3.062382025168661
"Reykjavík, Iceland",93,2.905418317994329
"Reykjavík, Iceland",94,2.6317624461449194
"Reykjavík, Iceland",95,3.0366432661050915
"Reykjavík, Iceland",96,2.8287268724314956
"Reykjavík, Iceland",97,2.627320317498412
"Reykjavík, Iceland",98,2.5657808754952325
"Reykjavík, Iceland",99,2.59400870930156
"Reykjavík, Iceland",100,2.1637810947026996
"Reykjavík, Iceland",101,2.2975095442039506
"Reykjavík, Iceland",102,2.777233858892107
"Reykjavík, Iceland",103,2.573646763611467
"Reykjavík, Iceland",104,2.3709418205175488
"Reykjavík, Iceland",105,2.339604193047801
"Reykjavík, Iceland",106,2.6192574658296652
"Reykjavík, Iceland",107,2.9239180973770678
"Reykjavík, Iceland",108,3.0116352504257167
"Reykjavík, Iceland",109,2.7005969115451007
"Reykjavík, Iceland",110,2.3849766199695264
"Reykjavík, Iceland",111,2.472347907450666
"Reykjavík, Iceland",112,2.516841822400685
"Reykjavík, Iceland",113,2.401321726870601
"Reykjavík, Iceland",114,2.4525458468860935
"Reykjavík, Iceland",115,2.659537893621934
"Reykjavík, Iceland",116,2.5572253478947515
"Reykjavík, Iceland",117,2.089173997431363
"Reykjavík, Iceland",118,1.9368655068288403
"Reykjavík, Iceland",119,2.0549153545012273
"Reykjavík, Iceland",120,2.323747918103894
"Reykjavík, Iceland",121,2.379563935748081
"Reykjavík, Iceland",122,2.1376222564347223
"Reykjavík, Iceland",123,2.0098535677099374
"Reykjavík, Iceland",124,2.1296199002783887
"Reykjavík, Iceland",125,2.2318009465712394
"Reykjavík, Iceland",126,2.298093370499746
"Reykjavík, Iceland",127,2.0763003134285127
"Reykjavík, Iceland",128,2.1870010938166398
"Reykjavík, Iceland",129,2.0912089728880576
"Reykjavík, Iceland",130,1.7979233234361258
"Reykjavík, Iceland",131,1.7925512427031765
"Reykjavík, Iceland",132,1.649097132695809
"Reykjavík, Iceland",133,1.5148138129649003
"Reykjavík, Iceland",134,1.6902514136771583
"Reykjavík, Iceland",135,2.1891533498150237
"Reykjavík, Iceland",136,2.133812308589377
"Reykjavík, Iceland",137,1.7643031312991686
"Reykjavík, Iceland",138,1.418550610692173
"Reykjavík, Iceland",139,1.6284983160346518
"Reykjavík, Iceland",140,1.8276580168725431
"Reykjavík, Iceland",141,2.1408066883667014
"Reykjavík, Iceland",142,1.9248235415128174
"Reykjavík, Iceland",143,1.880561912786285
"Reykjavík, Iceland",144,1.9710039054626036
"Reykjavík, Iceland",145,1.7043711214585082
"Reykjavík, Iceland",146,1.5215836164676422
"Reykjavík, Iceland",147,1.5356610162633666
"Reykjavík, Iceland",148,1.3701675604695995
"Reykjavík, Iceland",149,1.454737885328684
"Reykjavík, Iceland",150,1.6645786850526176
"Reykjavík, Iceland",151,1.4346802429730352
"Reykjavík, Iceland",152,1.5622404054967327
"Reykjavík, Iceland",153,1.7211820972341432
"Reykjavík, Iceland",154,1.6305179367525775
"Reykjavík, Iceland",155,1.806036214368636
"Reykjavík, Iceland",156,1.5876689702155176
"Reykjavík, Iceland",157,1.707382737980412
"Reykjavík, Iceland",158,1.95200221109898
"Reykjavík, Iceland",159,1.6287609754075554
"Reykjavík, Iceland",160,1.5837076650340256
"Reykjavík, Iceland",161,1.7821658794812885
"Reykjavík, Iceland",162,1.575631605965272
"Reykjavík, Iceland",163,1.5073966329004094
"Reykjavík, Iceland",164,1.5880807356154725
"Reykjavík, Iceland",165,1.472922050127069
"Reykjavík, Iceland",166,1.605826600155646
"Reykjavík, Iceland",167,1.5221752683474759
"Reykjavík, Iceland",168,1.322830326986712
"Reykjavík, Iceland",169,1.1759843836603903
"Reykjavík, Iceland",170,1.3624344544623537
"Reykjavík, Iceland",171,1.2656728232684202
"Reykjavík, Iceland",172,1.3691502897257983
"Reykjavík, Iceland",173,1.441809612159907
"Reykjavík, Iceland",174,1.5795420931717776
"Reykjavík, Iceland",175,1.38610628914968
"Reykjavík, Iceland",176,1.485039061708194
"Reykjavík, Iceland",177,1.3167778117422955
"Reykjavík, Iceland",178,1.2762043186739787
"Reykjavík, Iceland",179,1.3414511052040905
"Reykjavík, Iceland",180,1.3381907534430293
"Reykjavík, Iceland",181,1.361820596946009
"Reykjavík, Iceland",182,1.3046621556481777
"Reykjavík, Iceland",183,1.4888872357722953
"Reykjavík, Iceland",184,1.5974197449129117
"Reykjavík, Iceland",185,1.5278427045379133
"Reykjavík, Iceland",186,1.6763944213143736
"Reykjavík, Iceland",187,1.8066236336017445
"Reykjavík, Iceland",188,1.6806097724302809
"Reykjavík, Iceland",189,1.6825049908982332
"Reykjavík, Iceland",190,1.6127532660799622
"Reykjavík, Iceland",191,1.2699884927314071
"Reykjavík, Iceland",192,1.2999433228822441
"Reykjavík, Iceland",193,1.5353024094204022
"Reykjavík, Iceland",194,1.3730122091325556
"Reykjavík, Iceland",195,1.2515513417752249
"Reykjavík, Iceland",196,1.4186196690190414
"Reykjavík, Iceland",197,1.336318030028195
"Reykjavík, Iceland",198,1.3836215769046503
"Reykjavík, Iceland",199,1.6446339163522277
"Reykjavík, Iceland",200,1.5648108451095653
"Reykjavík, Iceland",201,1.4272578085295091
"Reykjavík, Iceland",202,1.493365507540619
"Reykjavík, Iceland",203,1.2919816751984616
"Reykjavík, Iceland",204,1.532667447025365
"Reykjavík, Iceland",205,1.4312977744826199
"Reykjavík, Iceland",206,1.1830500186902684
"Reykjavík, Iceland",207,1.443506620572405
"Reykjavík, Iceland",208,1.5570641555039337
"Reykjavík, Iceland",209,1.5482300301362346
"Reykjavík, Iceland",210,1.7082469254002863
"Reykjavík, Iceland",211,1.6259872915568687
"Reykjavík, Iceland",212,1.6191996169642484
"Reykjavík, Iceland",213,1.4572528202892647
"Reykjavík, Iceland",214,1.5477980506179827
"Reykjavík, Iceland",215,1.4110467790562402
"Reykjavík, Iceland",216,1.2171909920817987
"Reykjavík, Iceland",217,1.3171214970741953
"Reykjavík, Iceland",218,1.319789587784875
"Reykjavík, Iceland",219,1.281897604859534
"Reykjavík, Iceland",220,1.2248062365634556
"Reykjavík, Iceland",221,1.2499720715696068
"Reykjavík, Iceland",222,1.3861030861114536
"Reykjavík, Iceland",223,1.725224377967701
"Reykjavík, Iceland",224,1.755876798015659
"Reykjavík, Iceland",225,1.6963999158272216
"Reykjavík, Iceland",226,1.5557227778502822
"Reykjavík, Iceland",227,1.3927912223324583
"Reykjavík, Iceland",228,1.4493766794678329
"Reykjavík, Iceland",229,1.3693621298641676
"Reykjavík, Iceland",230,1.2327808506757447
"Reykjavík, Iceland",231,1.24604880808711
"Reykjavík, Iceland",232,1.3128798252383846
"Reykjavík, Iceland",233,1.216541992125488
"Reykjavík, Iceland",234,1.288260048859845
"Reykjavík, Iceland",235,1.4063426807607695
"Reykjavík, Iceland",236,1.3152457788465943
"Reykjavík, Iceland",237,1.2998737944918977
"Reykjavík, Iceland",238,1.4493124964870663
"Reykjavík, Iceland",239,1.4892107214691577
"Reykjavík, Iceland",240,1.2485940295948712
"Reykjavík, Iceland",241,1.5814695309674593
"Reykjavík, Iceland",242,1.6624053963768126
"Reykjavík, Iceland",243,1.6170533291591251
"Reykjavík, Iceland",244,1.7389163352909331
"Reykjavík, Iceland",245,1.677018836384926
"Reykjavík, Iceland",246,1.662715801695919
"Reykjavík, Iceland",247,1.728932918899681
"Reykjavík, Iceland",248,1.9826801190674848
"Reykjavík, Iceland",249,1.668601897957964
"Reykjavík, Iceland",250,1.6660324304156326
"Reykjavík, Iceland",251,1.798807039492479
"Reykjavík, Iceland",252,1.814978013716651
"Reykjavík, Iceland",253,2.0136498658508173
"Reykjavík, Iceland",254,1.889250329525178
"Reykjavík, Iceland",255,1.8281149818575901
"Reykjavík, Iceland",256,1.8877152090184073
"Reykjavík, Iceland",257,1.897748902916317
"Reykjavík, Iceland",258,1.9194087548741487
"Reykjavík, Iceland",259,2.008130566495372
"Reykjavík, Iceland",260,1.9915054676008654
"Reykjavík, Iceland",261,1.930946746615862
"Reykjavík, Iceland",262,2.004272550492976
"Reykjavík, Iceland",263,2.088136428031435
"Reykjavík, Iceland",264,1.9989199382821048
"Reykjavík, Iceland",265,2.1028579163820096
"Reykjavík, Iceland",266,2.0871138285183175
"Reykjavík, Iceland",267,2.3029081256305335
"Reykjavík, Iceland",268,2.385020587533749
"Reykjavík, Iceland",269,2.280211499407368
"Reykjavík, Iceland",270,2.126708143217367
"Reykjavík, Iceland",271,2.0768339026500455
"Reykjavík, Iceland",272,2.0690269362678952
"Reykjavík, Iceland",273,1.9822930083175199
"Reykjavík, Iceland",274,2.006795577125905
"Reykjavík, Iceland",275,2.173482654610865
"Reykjavík, Iceland",276,2.5130879714446674
"Reykjavík, Iceland",277,2.026188412273054
"Reykjavík, Iceland",278,2.3638207126434523
"Reykjavík, Iceland",279,2.203785458895037
"Reykjavík, Iceland",280,2.4905351806906744
"Reykjavík, Iceland",281,2.5549516137129435
"Reykjavík, Iceland",282,2.206557052850468
"Reykjavík, Iceland",283,2.3751725318438175
"Reykjavík, Iceland",284,2.583348737138371
"Reykjavík, Iceland",285,2.9647185674077647
"Reykjavík, Iceland",286,3.0754030657644407
"Reykjavík, Iceland",287,2.974964814047436
"Reykjavík, Iceland",288,2.7964521750678766
"Reykjavík, Iceland",289,2.7456693846817863
"Reykjavík, Iceland",290,2.1379815024603417
"Reykjavík, Iceland",291,2.5834033942169357
"Reykjavík, Iceland",292,2.775409117890584
"Reykjavík, Iceland",293,2.4969324414841814
"Reykjavík, Iceland",294,2.321566231543236
"Reykjavík, Iceland",295,2.3781605319776533
"Reykjavík, Iceland",296,2.484629908505694
"Reykjavík, Iceland",297,2.4647805866609205
"Reykjavík, Iceland",298,2.6370369346912845
"Reykjavík, Iceland",299,2.9081708904599113
"Reykjavík, Iceland",300,2.439062785728828
"Reykjavík, Iceland",301,2.672739160384028
"Reykjavík, Iceland",302,2.6527589451628755
"Reykjavík, Iceland",303,2.5394369371411263
"Reykjavík, Iceland",304,2.758571381649073
"Reykjavík, Iceland",305,2.507239749762814
"Reykjavík, Iceland",306,2.9473335048113416
"Reykjavík, Iceland",307,2.938711901957409
"Reykjavík, Iceland",308,3.2926662294438658
"Reykjavík, Iceland",309,2.960359198749989
"Reykjavík, Iceland",310,2.830078654432566
"Reykjavík, Iceland",311,3.0023321009504373
"Reykjavík, Iceland",312,3.320639879178132
"Reykjavík, Iceland",313,2.909306156974644
"Reykjavík, Iceland",314,2.731868025175584
"Reykjavík, Iceland",315,2.5828521671061115
"Reykjavík, Iceland",316,2.711834528806636
"Reykjavík, Iceland",317,2.6555715393951758
"Reykjavík, Iceland",318,3.007799261145736
"Reykjavík, Iceland",319,3.319158462081303
"Reykjavík, Iceland",320,2.83423871452443
"Reykjavík, Iceland",321,3.7212354659756044
"Reykjavík, Iceland",322,3.6458562522183082
"Reykjavík, Iceland",323,3.957196618061298
"Reykjavík, Iceland",324,3.8379654237734266
"Reykjavík, Iceland",325,3.0895497663875227
"Reykjavík, Iceland",326,3.2800315189533915
"Reykjavík, Iceland",327,3.0565982418105464
"Reykjavík, Iceland",328,3.206486225014084
"Reykjavík, Iceland",329,3.1934221753903507
"Reykjavík, Iceland",330,3.3739469111094795
"Reykjavík, Iceland",331,3.32477110595252
"Reykjavík, Iceland",332,3.1490192439442954
"Reykjavík, Iceland",333,2.8949538732281024
"Reykjavík, Iceland",334,3.37835652527073
"Reykjavík, Iceland",335,3.373173579879933
"Reykjavík, Iceland",336,3.3681948776184587
"Reykjavík, Iceland",337,2.7214235797118054
"Reykjavík, Iceland",338,2.9869004347631276
"Reykjavík, Iceland",339,3.6531871673807568
"Reykjavík, Iceland",340,3.8713802707620526
"Reykjavík, Iceland",341,3.606522808097531
"Reykjavík, Iceland",342,3.518845330929183
"Reykjavík, Iceland",343,3.555227904726426
"Reykjavík, Iceland",344,3.4374019993718243
"Reykjavík, Iceland",345,3.0637209478853697
"Reykjavík, Iceland",346,3.857897003777415
"Reykjavík, Iceland",347,4.005967977873301
"Reykjavík, Iceland",348,4.211832622274414
"Reykjavík, Iceland",349,4.185319979381472
"Reykjavík, Iceland",350,3.9975722746323283
"Reykjavík, Iceland",351,3.608012782237124
"Reykjavík, Iceland",352,3.723813963318228
"Reykjavík, Iceland",353,3.895043924988504
"Reykjavík, Iceland",354,3.6693346330157226
"Reykjavík, Iceland",355,3.9954259987146643
"Reykjavík, Iceland",356,4.043804516576874
"Reykjavík, Iceland",357,3.7791836302573434
"Reykjavík, Iceland",358,3.4050040591321076
"Reykjavík, Iceland",359,3.8075026288236415
"Reykjavík, Iceland",360,3.1523666065334655
"Reykjavík, Iceland",361,3.534416792246039
"Reykjavík, Iceland",362,3.8737029064176
"Reykjavík, Iceland",363,3.8596071273628167
"Reykjavík, Iceland",364,3.7847721199564974
"Reykjavík, Iceland",365,3.26813110502956
"Reykjavík, Iceland",366,3.827647746688202
"Sahara Desert (Tamanrasset, Algeria)",1,3.1883079459392776
"Sahara Desert (Tamanrasset, Algeria)",2,3.0844641308710368
"Sahara Desert (Tamanrasset, Algeria)",3,2.8478545761860095
"Sahara Desert (Tamanrasset, Algeria)",4,2.804465557162503
"Sahara Desert (Tamanrasset, Algeria)",5,2.9092820307527583
"Sahara Desert (Tamanrasset, Algeria)",6,2.94516828487196
"Sahara Desert (Tamanrasset, Algeria)",7,2.905952446178415
"Sahara Desert (Tamanrasset, Algeria)",8,2.9690466842962664
"Sahara Desert (Tamanrasset, Algeria)",9,2.6933712674555625
"Sahara Desert (Tamanrasset, Algeria)",10,2.5512457679117317
"Sahara Desert (Tamanrasset, Algeria)",11,2.487617537886233
"Sahara Desert (Tamanrasset, Algeria)",12,2.5121106663521022
"Sahara Desert (Tamanrasset, Algeria)",13,2.6661059091521597
"Sahara Desert (Tamanrasset, Algeria)",14,2.4149370010035596
"Sahara Desert (Tamanrasset, Algeria)",15,2.1938718705419378
"Sahara Desert (Tamanrasset, Algeria)",16,2.3161113593160074
"Sahara Desert (Tamanrasset, Algeria)",17,2.3849575279547413
"Sahara Desert (Tamanrasset, Algeria)",18,2.208111260391193
"Sahara Desert (Tamanrasset, Algeria)",19,1.923782391336858
"Sahara Desert (Tamanrasset, Algeria)",20,2.133158471240462
"Sahara Desert (Tamanrasset, Algeria)",21,2.3830354774280558
"Sahara Desert (Tamanrasset, Algeria)",22,2.393129911156139
"Sahara Desert (Tamanrasset, Algeria)",23,2.271628428862446
"Sahara Desert (Tamanrasset, Algeria)",24,2.4084513262048026
"Sahara Desert (Tamanrasset, Algeria)",25,2.429642871293968
"Sahara Desert (Tamanrasset, Algeria)",26,2.5221018366470864
"Sahara Desert (Tamanrasset, Algeria)",27,2.8071092923648675
"Sahara Desert (Tamanrasset, Algeria)",28,2.929460215884183
"Sahara Desert (Tamanrasset, Algeria)",29,2.8956014156198253
"Sahara Desert (Tamanrasset, Algeria)",30,2.642183043770145
"Sahara Desert (Tamanrasset, Algeria)",31,2.926659952539972
"Sahara Desert (Tamanrasset, Algeria)",32,2.999264109885234
"Sahara Desert (Tamanrasset, Algeria)",33,2.678955769868797
"Sahara Desert (Tamanrasset, Algeria)",34,2.4769410566030508
"Sahara Desert (Tamanrasset, Algeria)",35,2.70549995770498
"Sahara Desert (Tamanrasset, Algeria)",36,2.786597672004999
"Sahara Desert (Tamanrasset, Algeria)",37,2.759680127847035
"Sahara Desert (Tamanrasset, Algeria)",38,2.577237764080067
"Sahara Desert (Tamanrasset, Algeria)",39,2.4593532361945383
"Sahara Desert (Tamanrasset, Algeria)",40,2.35316173210018
"Sahara Desert (Tamanrasset, Algeria)",41,2.2604110437442038
"Sahara Desert (Tamanrasset, Algeria)",42,2.287037283229926
"Sahara Desert (Tamanrasset, Algeria)",43,2.5820821039508677
"Sahara Desert (Tamanrasset, Algeria)",44,2.3760209778332326
"Sahara Desert (Tamanrasset, Algeria)",45,2.0781028279746807
"Sahara Desert (Tamanrasset, Algeria)",46,1.9985598937856794
"Sahara Desert (Tamanrasset, Algeria)",47,1.987417968043968
"Sahara Desert (Tamanrasset, Algeria)",48,2.088011119080501
"Sahara Desert (Tamanrasset, Algeria)",49,2.0251248493342633
"Sahara Desert (Tamanrasset, Algeria)",50,2.057154688462235
"Sahara Desert (Tamanrasset, Algeria)",51,2.2976267745058165
"Sahara Desert (Tamanrasset, Algeria)",52,2.469689692570679
"Sahara Desert (Tamanrasset, Algeria)",53,2.656928266220096
"Sahara Desert (Tamanrasset, Algeria)",54,2.535990190706047
"Sahara Desert (Tamanrasset, Algeria)",55,2.3987864598407738
"Sahara Desert (Tamanrasset, Algeria)",56,2.5283908427495527
"Sahara Desert (Tamanrasset, Algeria)",57,2.938580542121825
"Sahara Desert (Tamanrasset, Algeria)",58,2.6817784934534132
"Sahara Desert (Tamanrasset, Algeria)",59,2.8768209786007795
"Sahara Desert (Tamanrasset, Algeria)",60,2.7759943277275907
"Sahara Desert (Tamanrasset, Algeria)",61,2.36944426406434
"Sahara Desert (Tamanrasset, Algeria)",62,2.36198525942702
"Sahara Desert (Tamanrasset, Algeria)",63,2.7363356753363424
"Sahara Desert (Tamanrasset, Algeria)",64,3.021693937094135
"Sahara Desert (Tamanrasset, Algeria)",65,2.7594315202611157
"Sahara Desert (Tamanrasset, Algeria)",66,2.3558703948062885
"Sahara Desert (Tamanrasset, Algeria)",67,2.259941754474044
"Sahara Desert (Tamanrasset, Algeria)",68,2.6595900111641533
"Sahara Desert (Tamanrasset, Algeria)",69,2.9887605879374908
"Sahara Desert (Tamanrasset, Algeria)",70,2.968683151022148
"Sahara Desert (Tamanrasset, Algeria)",71,2.821825416046665
"Sahara Desert (Tamanrasset, Algeria)",72,2.7460482850693557
"Sahara Desert (Tamanrasset, Algeria)",73,2.5727214718407025
"Sahara Desert (Tamanrasset, Algeria)",74,2.6118249858807605
"Sahara Desert (Tamanrasset, Algeria)",75,2.464796883852083
"Sahara Desert (Tamanrasset, Algeria)",76,2.120932458283484
"Sahara Desert (Tamanrasset, Algeria)",77,2.1292803551591817
"Sahara Desert (Tamanrasset, Algeria)",78,1.9707752201323028
"Sahara Desert (Tamanrasset, Algeria)",79,2.0833617912080316
"Sahara Desert (Tamanrasset, Algeria)",80,2.264455875538792
"Sahara Desert (Tamanrasset, Algeria)",81,2.2036733219641635
"Sahara Desert (Tamanrasset, Algeria)",82,2.1523233427322643
"Sahara Desert (Tamanrasset, Algeria)",83,2.483359928155715
"Sahara Desert (Tamanrasset, Algeria)",84,2.543095365505385
"Sahara Desert (Tamanrasset, Algeria)",85,2.7701802610384276
"Sahara Desert (Tamanrasset, Algeria)",86,2.7162855011743643
"Sahara Desert (Tamanrasset, Algeria)",87,2.5722817812922183
"Sahara Desert (Tamanrasset, Algeria)",88,2.4104186625903936
"Sahara Desert (Tamanrasset, Algeria)",89,2.475207638587644
"Sahara Desert (Tamanrasset, Algeria)",90,2.693719498338568
"Sahara Desert (Tamanrasset, Algeria)",91,2.510225714858103
"Sahara Desert (Tamanrasset, Algeria)",92,2.4050619626939893
"Sahara Desert (Tamanrasset, Algeria)",93,2.078042968583948
"Sahara Desert (Tamanrasset, Algeria)",94,2.3379241596598783
"Sahara Desert (Tamanrasset, Algeria)",95,2.0897163260756786
"Sahara Desert (Tamanrasset, Algeria)",96,2.1522189125080406
"Sahara Desert (Tamanrasset, Algeria)",97,2.3309963480516274
"Sahara Desert (Tamanrasset, Algeria)",98,2.344036245381401
"Sahara Desert (Tamanrasset, Algeria)",99,2.16915951757472
"Sahara Desert (Tamanrasset, Algeria)",100,2.18846340911226
"Sahara Desert (Tamanrasset, Algeria)",101,2.4450209145787025
"Sahara Desert (Tamanrasset, Algeria)",102,2.457259200842852
"Sahara Desert (Tamanrasset, Algeria)",103,2.2095411379218843
"Sahara Desert (Tamanrasset, Algeria)",104,2.432488263966352
"Sahara Desert (Tamanrasset, Algeria)",105,2.5603453763289035
"Sahara Desert (Tamanrasset, Algeria)",106,2.4512327118433666
"Sahara Desert (Tamanrasset, Algeria)",107,2.621240487122829
"Sahara Desert (Tamanrasset, Algeria)",108,2.5719606953026743
"Sahara Desert (Tamanrasset, Algeria)",109,2.442115446518165
"Sahara Desert (Tamanrasset, Algeria)",110,2.3905523502136594
"Sahara Desert (Tamanrasset, Algeria)",111,2.1324442669849635
"Sahara Desert (Tamanrasset, Algeria)",112,2.2769229728081446
"Sahara Desert (Tamanrasset, Algeria)",113,2.2004074555412894
"Sahara Desert (Tamanrasset, Algeria)",114,1.9442394312875564
"Sahara Desert (Tamanrasset, Algeria)",115,2.0741984365855752
"Sahara Desert (Tamanrasset, Algeria)",116,2.1876051469746014
"Sahara Desert (Tamanrasset, Algeria)",117,2.4938756591664037
"Sahara Desert (Tamanrasset, Algeria)",118,2.644227907389157
"Sahara Desert (Tamanrasset, Algeria)",119,2.7636135745485784
"Sahara Desert (Tamanrasset, Algeria)",120,2.7763831381510955
"Sahara Desert (Tamanrasset, Algeria)",121,2.724142163790508
"Sahara Desert (Tamanrasset, Algeria)",122,2.5310118287709433
"Sahara Desert (Tamanrasset, Algeria)",123,2.316585617190933
"Sahara Desert (Tamanrasset, Algeria)",124,1.9821387828136643
"Sahara Desert (Tamanrasset, Algeria)",125,1.854993888286803
"Sahara Desert (Tamanrasset, Algeria)",126,1.9473825198575994
"Sahara Desert (Tamanrasset, Algeria)",127,2.0811348851403157
"Sahara Desert (Tamanrasset, Algeria)",128,2.0843665922550887
"Sahara Desert (Tamanrasset, Algeria)",129,1.7565641313566414
"Sahara Desert (Tamanrasset, Algeria)",130,1.7856229333323104
"Sahara Desert (Tamanrasset, Algeria)",131,1.8484993485088463
"Sahara Desert (Tamanrasset, Algeria)",132,2.039874130760183
"Sahara Desert (Tamanrasset, Algeria)",133,1.9201920683309741
"Sahara Desert (Tamanrasset, Algeria)",134,1.7688610751472964
"Sahara Desert (Tamanrasset, Algeria)",135,1.760370705601991
"Sahara Desert (Tamanrasset, Algeria)",136,1.8670448294962922
"Sahara Desert (Tamanrasset, Algeria)",137,1.8859609290207509
"Sahara Desert (Tamanrasset, Algeria)",138,1.7898648625568474
"Sahara Desert (Tamanrasset, Algeria)",139,1.8241109508742512
"Sahara Desert (Tamanrasset, Algeria)",140,1.651840923187814
"Sahara Desert (Tamanrasset, Algeria)",141,1.5202371296059565
"Sahara Desert (Tamanrasset, Algeria)",142,1.654125727957239
"Sahara Desert (Tamanrasset, Algeria)",143,1.6544301951466878
"Sahara Desert (Tamanrasset, Algeria)",144,2.0090656059172125
"Sahara Desert (Tamanrasset, Algeria)",145,2.1819799666937487
"Sahara Desert (Tamanrasset, Algeria)",146,1.9578447803470904
"Sahara Desert (Tamanrasset, Algeria)",147,1.8183958238219264
"Sahara Desert (Tamanrasset, Algeria)",148,1.6534392850493798
"Sahara Desert (Tamanrasset, Algeria)",149,1.6873990769288394
"Sahara Desert (Tamanrasset, Algeria)",150,1.7006796769634094
"Sahara Desert (Tamanrasset, Algeria)",151,1.7241817466729703
"Sahara Desert (Tamanrasset, Algeria)",152,1.5898219480930795
"Sahara Desert (Tamanrasset, Algeria)",153,1.4237328478290145
"Sahara Desert (Tamanrasset, Algeria)",154,1.5590448606048621
"Sahara Desert (Tamanrasset, Algeria)",155,1.4145754971754956
"Sahara Desert (Tamanrasset, Algeria)",156,1.5196964062006018
"Sahara Desert (Tamanrasset, Algeria)",157,1.4981315353638296
"Sahara Desert (Tamanrasset, Algeria)",158,1.5154360622519796
"Sahara Desert (Tamanrasset, Algeria)",159,1.4055001442159731
"Sahara Desert (Tamanrasset, Algeria)",160,1.4004373373090953
"Sahara Desert (Tamanrasset, Algeria)",161,1.457077790340514
"Sahara Desert (Tamanrasset, Algeria)",162,1.5677390265573923
"Sahara Desert (Tamanrasset, Algeria)",163,1.5814931760718864
"Sahara Desert (Tamanrasset, Algeria)",164,1.5122716311092819
"Sahara Desert (Tamanrasset, Algeria)",165,1.6142380991018528
"Sahara Desert (Tamanrasset, Algeria)",166,1.6474653958259562
"Sahara Desert (Tamanrasset, Algeria)",167,1.510025201755447
"Sahara Desert (Tamanrasset, Algeria)",168,1.4563231489490593
"Sahara Desert (Tamanrasset, Algeria)",169,1.8251426426342536
"Sahara Desert (Tamanrasset, Algeria)",170,1.7280265296295623
"Sahara Desert (Tamanrasset, Algeria)",171,1.3326314991300392
"Sahara Desert (Tamanrasset, Algeria)",172,1.4838817409556768
"Sahara Desert (Tamanrasset, Algeria)",173,1.4826860339479395
"Sahara Desert (Tamanrasset, Algeria)",174,1.623162223111725
"Sahara Desert (Tamanrasset, Algeria)",175,1.5776505098019087
"Sahara Desert (Tamanrasset, Algeria)",176,1.539332297386077
"Sahara Desert (Tamanrasset, Algeria)",177,1.369332872553725
"Sahara Desert (Tamanrasset, Algeria)",178,1.2460770365320577
"Sahara Desert (Tamanrasset, Algeria)",179,1.1546296872104653
"Sahara Desert (Tamanrasset, Algeria)",180,1.4307519571158018
"Sahara Desert (Tamanrasset, Algeria)",181,1.412513166695729
"Sahara Desert (Tamanrasset, Algeria)",182,1.3252276520695323
"Sahara Desert (Tamanrasset, Algeria)",183,1.1979415925647694
"Sahara Desert (Tamanrasset, Algeria)",184,1.1665265293867992
"Sahara Desert (Tamanrasset, Algeria)",185,1.183645960152445
"Sahara Desert (Tamanrasset, Algeria)",186,1.300948263682309
"Sahara Desert (Tamanrasset, Algeria)",187,1.3850208934396155
"Sahara Desert (Tamanrasset, Algeria)",188,1.4693735091915008
"Sahara Desert (Tamanrasset, Algeria)",189,1.288554264679317
"Sahara Desert (Tamanrasset, Algeria)",190,1.1316084036808773
"Sahara Desert (Tamanrasset, Algeria)",191,1.1297271836659257
"Sahara Desert (Tamanrasset, Algeria)",192,1.3896266248342404
"Sahara Desert (Tamanrasset, Algeria)",193,1.511245565974151
"Sahara Desert (Tamanrasset, Algeria)",194,1.4163548448434913
"Sahara Desert (Tamanrasset, Algeria)",195,1.3324936287326503
"Sahara Desert (Tamanrasset, Algeria)",196,1.3042775616089939
"Sahara Desert (Tamanrasset, Algeria)",197,1.2872116151091406
"Sahara Desert (Tamanrasset, Algeria)",198,1.2327328095349839
"Sahara Desert (Tamanrasset, Algeria)",199,1.3656263422158759
"Sahara Desert (Tamanrasset, Algeria)",200,1.304242123172012
"Sahara Desert (Tamanrasset, Algeria)",201,1.2999953447631727
"Sahara Desert (Tamanrasset, Algeria)",202,1.173943499654285
"Sahara Desert (Tamanrasset, Algeria)",203,1.3103188410140032
"Sahara Desert (Tamanrasset, Algeria)",204,1.4790024886801925
"Sahara Desert (Tamanrasset, Algeria)",205,1.330319291976423
"Sahara Desert (Tamanrasset, Algeria)",206,1.3535817921633364
"Sahara Desert (Tamanrasset, Algeria)",207,1.4165956123622792
"Sahara Desert (Tamanrasset, Algeria)",208,1.6624515602792294
"Sahara Desert (Tamanrasset, Algeria)",209,1.6560513034509934
"Sahara Desert (Tamanrasset, Algeria)",210,1.532191893297258
"Sahara Desert (Tamanrasset, Algeria)",211,1.4114351774142104
"Sahara Desert (Tamanrasset, Algeria)",212,1.3451767058564676
"Sahara Desert (Tamanrasset, Algeria)",213,1.2737496667440802
"Sahara Desert (Tamanrasset, Algeria)",214,1.3392875223988612
"Sahara Desert (Tamanrasset, Algeria)",215,1.3817794047774878
"Sahara Desert (Tamanrasset, Algeria)",216,1.5663247943904226
"Sahara Desert (Tamanrasset, Algeria)",217,1.6156106033213828
"Sahara Desert (Tamanrasset, Algeria)",218,1.4248262940750094
"Sahara Desert (Tamanrasset, Algeria)",219,1.3182165501730376
"Sahara Desert (Tamanrasset, Algeria)",220,1.3813640346391334
"Sahara Desert (Tamanrasset, Algeria)",221,1.4403824075277483
"Sahara Desert (Tamanrasset, Algeria)",222,1.3319994032085716
"Sahara Desert (Tamanrasset, Algeria)",223,1.1115527061748574
"Sahara Desert (Tamanrasset, Algeria)",224,1.0845293013546604
"Sahara Desert (Tamanrasset, Algeria)",225,0.9733958723525056
"Sahara Desert (Tamanrasset, Algeria)",226,1.1381739575814858
"Sahara Desert (Tamanrasset, Algeria)",227,1.2274620811562909
"Sahara Desert (Tamanrasset, Algeria)",228,1.33141470484559
"Sahara Desert (Tamanrasset, Algeria)",229,1.4605455987708142
"Sahara Desert (Tamanrasset, Algeria)",230,1.2343762494306847
"Sahara Desert (Tamanrasset, Algeria)",231,1.0683627393903004
"Sahara Desert (Tamanrasset, Algeria)",232,0.8570131955437746
"Sahara Desert (Tamanrasset, Algeria)",233,0.9213929155699968
"Sahara Desert (Tamanrasset, Algeria)",234,0.9419489713850989
"Sahara Desert (Tamanrasset, Algeria)",235,1.2091373403474115
"Sahara Desert (Tamanrasset, Algeria)",236,1.3012887578434083
"Sahara Desert (Tamanrasset, Algeria)",237,1.310776826141376
"Sahara Desert (Tamanrasset, Algeria)",238,1.3157014061993098
"Sahara Desert (Tamanrasset, Algeria)",239,1.2188602446478791
"Sahara Desert (Tamanrasset, Algeria)",240,1.2259556181158653
"Sahara Desert (Tamanrasset, Algeria)",241,1.0318815047021146
"Sahara Desert (Tamanrasset, Algeria)",242,1.0830237943425118
"Sahara Desert (Tamanrasset, Algeria)",243,1.2548484195413285
"Sahara Desert (Tamanrasset, Algeria)",244,1.226005455257583
"Sahara Desert (Tamanrasset, Algeria)",245,1.4298811102427975
"Sahara Desert (Tamanrasset, Algeria)",246,1.6350541624560646
"Sahara Desert (Tamanrasset, Algeria)",247,1.4465155881369005
"Sahara Desert (Tamanrasset, Algeria)",248,1.4113251536119378
"Sahara Desert (Tamanrasset, Algeria)",249,1.4663201809803015
"Sahara Desert (Tamanrasset, Algeria)",250,1.356061484009621
"Sahara Desert (Tamanrasset, Algeria)",251,1.270144820362405
"Sahara Desert (Tamanrasset, Algeria)",252,1.2214088319984109
"Sahara Desert (Tamanrasset, Algeria)",253,1.3512559931357206
"Sahara Desert (Tamanrasset, Algeria)",254,1.468107809090343
"Sahara Desert (Tamanrasset, Algeria)",255,1.3624222149373364
"Sahara Desert (Tamanrasset, Algeria)",256,1.3122302400721564
"Sahara Desert (Tamanrasset, Algeria)",257,1.373336606778531
"Sahara Desert (Tamanrasset, Algeria)",258,1.3787190143417192
"Sahara Desert (Tamanrasset, Algeria)",259,1.5426831325185646
"Sahara Desert (Tamanrasset, Algeria)",260,1.7799888798141845
"Sahara Desert (Tamanrasset, Algeria)",261,1.6740763127937388
"Sahara Desert (Tamanrasset, Algeria)",262,1.5861390222442144
"Sahara Desert (Tamanrasset, Algeria)",263,1.602374625281584
"Sahara Desert (Tamanrasset, Algeria)",264,1.6097643879704921
"Sahara Desert (Tamanrasset, Algeria)",265,1.5933230131086034
"Sahara Desert (Tamanrasset, Algeria)",266,1.432089205531702
"Sahara Desert (Tamanrasset, Algeria)",267,1.2438860202163382
"Sahara Desert (Tamanrasset, Algeria)",268,1.4011373174107578
"Sahara Desert (Tamanrasset, Algeria)",269,1.5772709725758072
"Sahara Desert (Tamanrasset, Algeria)",270,1.4629764181284681
"Sahara Desert (Tamanrasset, Algeria)",271,1.376355510978331
"Sahara Desert (Tamanrasset, Algeria)",272,1.4088413064069631
"Sahara Desert (Tamanrasset, Algeria)",273,1.3776147538945678
"Sahara Desert (Tamanrasset, Algeria)",274,1.7783509001010074
"Sahara Desert (Tamanrasset, Algeria)",275,2.1909223033033483
"Sahara Desert (Tamanrasset, Algeria)",276,1.9022935972747634
"Sahara Desert (Tamanrasset, Algeria)",277,1.5859125296803225
"Sahara Desert (Tamanrasset, Algeria)",278,1.6133460790619367
"Sahara Desert (Tamanrasset, Algeria)",279,1.4250515179293146
"Sahara Desert (Tamanrasset, Algeria)",280,1.5417322977097123
"Sahara Desert (Tamanrasset, Algeria)",281,1.4989115677548364
"Sahara Desert (Tamanrasset, Algeria)",282,1.2997180333339073
"Sahara Desert (Tamanrasset, Algeria)",283,1.3012870519387112
"Sahara Desert (Tamanrasset, Algeria)",284,1.4104696862142714
"Sahara Desert (Tamanrasset, Algeria)",285,1.493311869056958
"Sahara Desert (Tamanrasset, Algeria)",286,1.4579716535292169
"Sahara Desert (Tamanrasset, Algeria)",287,1.5046313983232893
"Sahara Desert (Tamanrasset, Algeria)",288,1.2715699831261027
"Sahara Desert (Tamanrasset, Algeria)",289,1.3578862911540188
"Sahara Desert (Tamanrasset, Algeria)",290,1.3448654805133962
"Sahara Desert (Tamanrasset, Algeria)",291,1.2633877365791892
"Sahara Desert (Tamanrasset, Algeria)",292,1.5072404533965968
"Sahara Desert (Tamanrasset, Algeria)",293,1.5105359891872896
"Sahara Desert (Tamanrasset, Algeria)",294,1.8440335763935567
"Sahara Desert (Tamanrasset, Algeria)",295,1.9915206482987875
"Sahara Desert (Tamanrasset, Algeria)",296,1.7911396179746089
"Sahara Desert (Tamanrasset, Algeria)",297,1.5212983181936037
"Sahara Desert (Tamanrasset, Algeria)",298,1.4768876193431684
"Sahara Desert (Tamanrasset, Algeria)",299,1.568859417905284
"Sahara Desert (Tamanrasset, Algeria)",300,1.594818048831744
"Sahara Desert (Tamanrasset, Algeria)",301,1.802707207772688
"Sahara Desert (Tamanrasset, Algeria)",302,1.780428838761688
"Sahara Desert (Tamanrasset, Algeria)",303,1.7039387743469676
"Sahara Desert (Tamanrasset, Algeria)",304,1.780649734732035
"Sahara Desert (Tamanrasset, Algeria)",305,1.5604784597218297
"Sahara Desert (Tamanrasset, Algeria)",306,1.7465122599042284
"Sahara Desert (Tamanrasset, Algeria)",307,1.913432475215497
"Sahara Desert (Tamanrasset, Algeria)",308,1.889412626716508
"Sahara Desert (Tamanrasset, Algeria)",309,1.7790252426408921
"Sahara Desert (Tamanrasset, Algeria)",310,1.8169490958508767
"Sahara Desert (Tamanrasset, Algeria)",311,1.8433532244083266
"Sahara Desert (Tamanrasset, Algeria)",312,1.8732575977382666
"Sahara Desert (Tamanrasset, Algeria)",313,1.6710013961579884
"Sahara Desert (Tamanrasset, Algeria)",314,1.6878531342980736
"Sahara Desert (Tamanrasset, Algeria)",315,1.8104790110552123
"Sahara Desert (Tamanrasset, Algeria)",316,1.9614843152103123
"Sahara Desert (Tamanrasset, Algeria)",317,1.6511320352672691
"Sahara Desert (Tamanrasset, Algeria)",318,1.5332492546730954
"Sahara Desert (Tamanrasset, Algeria)",319,1.5650621741258377
"Sahara Desert (Tamanrasset, Algeria)",320,1.4949355660773622
"Sahara Desert (Tamanrasset, Algeria)",321,1.7736527656766394
"Sahara Desert (Tamanrasset, Algeria)",322,1.6424704231459055
"Sahara Desert (Tamanrasset, Algeria)",323,2.0081332511399834
"Sahara Desert (Tamanrasset, Algeria)",324,1.9695523793625944
"Sahara Desert (Tamanrasset, Algeria)",325,2.0781358535458683
"Sahara Desert (Tamanrasset, Algeria)",326,2.1082101037224996
"Sahara Desert (Tamanrasset, Algeria)",327,2.0803433582877835
"Sahara Desert (Tamanrasset, Algeria)",328,1.9709110132086924
"Sahara Desert (Tamanrasset, Algeria)",329,1.9687327971663593
"Sahara Desert (Tamanrasset, Algeria)",330,1.9617884040007685
"Sahara Desert (Tamanrasset, Algeria)",331,1.8657392302420688
"Sahara Desert (Tamanrasset, Algeria)",332,2.076329027501175
"Sahara Desert (Tamanrasset, Algeria)",333,1.7914736985747204
"Sahara Desert (Tamanrasset, Algeria)",334,1.8494489637036784
"Sahara Desert (Tamanrasset, Algeria)",335,1.9649864838229207
"Sahara Desert (Tamanrasset, Algeria)",336,1.901127405583896
"Sahara Desert (Tamanrasset, Algeria)",337,1.766100609715189
"Sahara Desert (Tamanrasset, Algeria)",338,2.2301509135597946
"Sahara Desert (Tamanrasset, Algeria)",339,2.64080104886832
"Sahara Desert (Tamanrasset, Algeria)",340,2.906250972402029
"Sahara Desert (Tamanrasset, Algeria)",341,2.5601149035226722
"Sahara Desert (Tamanrasset, Algeria)",342,2.2387397707414247
"Sahara Desert (Tamanrasset, Algeria)",343,1.8039754519642552
"Sahara Desert (Tamanrasset, Algeria)",344,1.9299601125258532
"Sahara Desert (Tamanrasset, Algeria)",345,2.2214540478436104
"Sahara Desert (Tamanrasset, Algeria)",346,2.6339949882846527
"Sahara Desert (Tamanrasset, Algeria)",347,2.7518799647478356
"Sahara Desert (Tamanrasset, Algeria)",348,2.495602760764398
"Sahara Desert (Tamanrasset, Algeria)",349,2.6740035290085356
"Sahara Desert (Tamanrasset, Algeria)",350,2.2185657614898346
"Sahara Desert (Tamanrasset, Algeria)",351,2.2523205792123244
"Sahara Desert (Tamanrasset, Algeria)",352,2.193688561116014
"Sahara Desert (Tamanrasset, Algeria)",353,2.1807272774865227
"Sahara Desert (Tamanrasset, Algeria)",354,2.0871804423028455
"Sahara Desert (Tamanrasset, Algeria)",355,2.5076221227209268
"Sahara Desert (Tamanrasset, Algeria)",356,2.589699173188074
"Sahara Desert (Tamanrasset, Algeria)",357,2.898574593193082
"Sahara Desert (Tamanrasset, Algeria)",358,2.973133966271171
"Sahara Desert (Tamanrasset, Algeria)",359,2.8374002017450026
"Sahara Desert (Tamanrasset, Algeria)",360,2.620541033175002
"Sahara Desert (Tamanrasset, Algeria)",361,2.6418336815260846
"Sahara Desert (Tamanrasset, Algeria)",362,2.538445654823974
"Sahara Desert (Tamanrasset, Algeria)",363,2.347479193170382
"Sahara Desert (Tamanrasset, Algeria)",364,2.5436672598757997
"Sahara Desert (Tamanrasset, Algeria)",365,2.836819266678271
"Sahara Desert (Tamanrasset, Algeria)",366,3.6244194519448714
"Sahel (Niamey, Niger)",1,2.1836363735382607
"Sahel (Niamey, Niger)",2,2.3902997569590285
"Sahel (Niamey, Niger)",3,2.3460776496668614
"Sahel (Niamey, Niger)",4,2.225348679237941
"Sahel (Niamey, Niger)",5,2.0995670926989183
"Sahel (Niamey, Niger)",6,2.2807824197167075
"Sahel (Niamey, Niger)",7,2.4511141165319406
"Sahel (Niamey, Niger)",8,2.320312000599672
"Sahel (Niamey, Niger)",9,2.2411544117377518
"Sahel (Niamey, Niger)",10,2.216474199097357
"Sahel (Niamey, Niger)",11,2.2594909527923606
"Sahel (Niamey, Niger)",12,2.3829220052905837
"Sahel (Niamey, Niger)",13,2.3495679509274403
"Sahel (Niamey, Niger)",14,2.2529806777824097
"Sahel (Niamey, Niger)",15,2.243231680431833
"Sahel (Niamey, Niger)",16,2.1158640696177455
"Sahel (Niamey, Niger)",17,2.164267901550747
"Sahel (Niamey, Niger)",18,2.4447538322316666
"Sahel (Niamey, Niger)",19,2.436834931223204
"Sahel (Niamey, Niger)",20,2.314605112919403
"Sahel (Niamey, Niger)",21,2.3609880308950317
"Sahel (Niamey, Niger)",22,2.55577101600631
"Sahel (Niamey, Niger)",23,2.4905984744834653
"Sahel (Niamey, Niger)",24,2.438857736997134
"Sahel (Niamey, Niger)",25,2.464282644805254
"Sahel (Niamey, Niger)",26,2.426889882786454
"Sahel (Niamey, Niger)",27,2.526778391164324
"Sahel (Niamey, Niger)",28,2.5288986292367683
"Sahel (Niamey, Niger)",29,2.524065523184311
"Sahel (Niamey, Niger)",30,2.409349598181619
"Sahel (Niamey, Niger)",31,2.451357263087052
"Sahel (Niamey, Niger)",32,2.672670786534023
"Sahel (Niamey, Niger)",33,2.683143331902878
"Sahel (Niamey, Niger)",34,2.5262904725698196
"Sahel (Niamey, Niger)",35,2.46034387152962
"Sahel (Niamey, Niger)",36,2.5435009000888216
"Sahel (Niamey, Niger)",37,2.588448348336983
"Sahel (Niamey, Niger)",38,2.5420980976043306
"Sahel (Niamey, Niger)",39,2.4842438263999655
"Sahel (Niamey, Niger)",40,2.421122474815135
"Sahel (Niamey, Niger)",41,2.4999688370150763
"Sahel (Niamey, Niger)",42,2.479283339470992
"Sahel (Niamey, Niger)",43,2.5609462442546396
"Sahel (Niamey, Niger)",44,2.6544531175113146
"Sahel (Niamey, Niger)",45,2.591114053871256
"Sahel (Niamey, Niger)",46,2.4552729962792186
"Sahel (Niamey, Niger)",47,2.3244076173662385
"Sahel (Niamey, Niger)",48,2.0646821085344653
"Sahel (Niamey, Niger)",49,2.235297405850153
"Sahel (Niamey, Niger)",50,2.5206661675276236
"Sahel (Niamey, Niger)",51,2.6179297515274054
"Sahel (Niamey, Niger)",52,2.515089430107334
"Sahel (Niamey, Niger)",53,2.167237892933444
"Sahel (Niamey, Niger)",54,2.167921618454693
"Sahel (Niamey, Niger)",55,2.165785162470844
"Sahel (Niamey, Niger)",56,2.2121172164424707
"Sahel (Niamey, Niger)",57,2.215033489932421
"Sahel (Niamey, Niger)",58,2.4641252966927776
"Sahel (Niamey, Niger)",59,2.3995464687757053
"Sahel (Niamey, Niger)",60,2.4577611301197013
"Sahel (Niamey, Niger)",61,2.280446283888264
"Sahel (Niamey, Niger)",62,2.4415183038238673
"Sahel (Niamey, Niger)",63,2.376927269657853
"Sahel (Niamey, Niger)",64,2.443820355124002
"Sahel (Niamey, Niger)",65,2.40849556746947
"Sahel (Niamey, Niger)",66,2.485159929089092
"Sahel (Niamey, Niger)",67,2.233149919366781
"Sahel (Niamey, Niger)",68,2.1329169274611504
"Sahel (Niamey, Niger)",69,2.2446048423987874
"Sahel (Niamey, Niger)",70,2.415375432060464
"Sahel (Niamey, Niger)",71,2.313243926394732
"Sahel (Niamey, Niger)",72,2.3364634534579403
"Sahel (Niamey, Niger)",73,2.076355908400809
"Sahel (Niamey, Niger)",74,1.7509000403718673
"Sahel (Niamey, Niger)",75,1.7139352984252818
"Sahel (Niamey, Niger)",76,1.6564545258456407
"Sahel (Niamey, Niger)",77,1.5396647173526006
"Sahel (Niamey, Niger)",78,1.6181590432394952
"Sahel (Niamey, Niger)",79,1.9138056763995213
"Sahel (Niamey, Niger)",80,2.369014924493633
"Sahel (Niamey, Niger)",81,2.3369049931792
"Sahel (Niamey, Niger)",82,2.2448736998144003
"Sahel (Niamey, Niger)",83,2.0838207280470367
"Sahel (Niamey, Niger)",84,1.7324418480488846
"Sahel (Niamey, Niger)",85,1.5738267552024647
"Sahel (Niamey, Niger)",86,1.5279502360646644
"Sahel (Niamey, Niger)",87,1.6157316429629895
"Sahel (Niamey, Niger)",88,1.6424348964285749
"Sahel (Niamey, Niger)",89,1.7651108254768726
"Sahel (Niamey, Niger)",90,1.6539024739187835
"Sahel (Niamey, Niger)",91,1.6894812463021793
"Sahel (Niamey, Niger)",92,1.7063236911887645
"Sahel (Niamey, Niger)",93,1.6989150094405339
"Sahel (Niamey, Niger)",94,1.5650344983330293
"Sahel (Niamey, Niger)",95,1.5536007926211222
"Sahel (Niamey, Niger)",96,1.8195232485484885
"Sahel (Niamey, Niger)",97,1.6354061342985953
"Sahel (Niamey, Niger)",98,1.4835913657003268
"Sahel (Niamey, Niger)",99,1.591658804019999
"Sahel (Niamey, Niger)",100,1.701393580650599
"Sahel (Niamey, Niger)",101,1.9036461620688363
"Sahel (Niamey, Niger)",102,1.8734027305140963
"Sahel (Niamey, Niger)",103,1.7323680770361838
"Sahel (Niamey, Niger)",104,1.4578930574699334
"Sahel (Niamey, Niger)",105,1.6130868566782635
"Sahel (Niamey, Niger)",106,1.655231488061343
"Sahel (Niamey, Niger)",107,1.680665641311749
"Sahel (Niamey, Niger)",108,1.5959991601623416
"Sahel (Niamey, Niger)",109,1.7320484121128805
"Sahel (Niamey, Niger)",110,1.5786399263015343
"Sahel (Niamey, Niger)",111,1.5680988610591402
"Sahel (Niamey, Niger)",112,1.7928298582504274
"Sahel (Niamey, Niger)",113,1.532902496385517
"Sahel (Niamey, Niger)",114,1.449921391030952
"Sahel (Niamey, Niger)",115,1.3212472485325213
"Sahel (Niamey, Niger)",116,1.3082412382357957
"Sahel (Niamey, Niger)",117,1.5233507874302892
"Sahel (Niamey, Niger)",118,1.4116592991030776
"Sahel (Niamey, Niger)",119,1.4125123434885105
"Sahel (Niamey, Niger)",120,1.3572839087234088
"Sahel (Niamey, Niger)",121,1.554351662561945
"Sahel (Niamey, Niger)",122,1.6036852874105603
"Sahel (Niamey, Niger)",123,1.6179107844853189
"Sahel (Niamey, Niger)",124,1.6741481693754774
"Sahel (Niamey, Niger)",125,1.719621190893254
"Sahel (Niamey, Niger)",126,1.8681516229305202
"Sahel (Niamey, Niger)",127,1.6695990201091013
"Sahel (Niamey, Niger)",128,1.4618307904960384
"Sahel (Niamey, Niger)",129,1.6376229841007282
"Sahel (Niamey, Niger)",130,1.5613657997652375
"Sahel (Niamey, Niger)",131,1.5408257272566255
"Sahel (Niamey, Niger)",132,1.2916897131318268
"Sahel (Niamey, Niger)",133,1.059022046777242
"Sahel (Niamey, Niger)",134,1.3657102481967398
"Sahel (Niamey, Niger)",135,1.8158366641021646
"Sahel (Niamey, Niger)",136,1.7671302329036997
"Sahel (Niamey, Niger)",137,1.6577828968813717
"Sahel (Niamey, Niger)",138,1.631328205013806
"Sahel (Niamey, Niger)",139,1.4137869167907846
"Sahel (Niamey, Niger)",140,1.5740813455639553
"Sahel (Niamey, Niger)",141,1.6079267177983347
"Sahel (Niamey, Niger)",142,1.7711260616983366
"Sahel (Niamey, Niger)",143,1.8710739587160075
"Sahel (Niamey, Niger)",144,1.8624505186610698
"Sahel (Niamey, Niger)",145,1.795887288283948
"Sahel (Niamey, Niger)",146,2.1190927094407828
"Sahel (Niamey, Niger)",147,2.0689788720377718
"Sahel (Niamey, Niger)",148,2.183394410595545
"Sahel (Niamey, Niger)",149,1.9715825197377113
"Sahel (Niamey, Niger)",150,1.8387560570149877
"Sahel (Niamey, Niger)",151,1.62342242499568
"Sahel (Niamey, Niger)",152,1.6895932401393927
"Sahel (Niamey, Niger)",153,1.8718773292417934
"Sahel (Niamey, Niger)",154,1.997966249262581
"Sahel (Niamey, Niger)",155,1.7318741757635079
"Sahel (Niamey, Niger)",156,1.4830446049298096
"Sahel (Niamey, Niger)",157,1.737580804089398
"Sahel (Niamey, Niger)",158,1.672101259363345
"Sahel (Niamey, Niger)",159,1.661503687378168
"Sahel (Niamey, Niger)",160,1.7492436752831124
"Sahel (Niamey, Niger)",161,1.3084456508168962
"Sahel (Niamey, Niger)",162,1.6042136640471043
"Sahel (Niamey, Niger)",163,1.864201916197701
"Sahel (Niamey, Niger)",164,1.6654971513333094
"Sahel (Niamey, Niger)",165,1.606860687333829
"Sahel (Niamey, Niger)",166,1.6075301791741274
"Sahel (Niamey, Niger)",167,1.3864643917222488
"Sahel (Niamey, Niger)",168,1.6129979933115408
"Sahel (Niamey, Niger)",169,1.7406357736200642
"Sahel (Niamey, Niger)",170,1.6102586525519413
"Sahel (Niamey, Niger)",171,1.6569270954321336
"Sahel (Niamey, Niger)",172,1.7890132604563878
"Sahel (Niamey, Niger)",173,1.5720175123695717
"Sahel (Niamey, Niger)",174,1.6320709551171473
"Sahel (Niamey, Niger)",175,1.447544468895231
"Sahel (Niamey, Niger)",176,1.3099892677448794
"Sahel (Niamey, Niger)",177,1.7115002598699434
"Sahel (Niamey, Niger)",178,1.5680878560568274
"Sahel (Niamey, Niger)",179,1.688570254141428
"Sahel (Niamey, Niger)",180,1.5007809101866103
"Sahel (Niamey, Niger)",181,1.4395759851127419
"Sahel (Niamey, Niger)",182,1.5126760201946357
"Sahel (Niamey, Niger)",183,1.457322764727144
"Sahel (Niamey, Niger)",184,1.2799783626606709
"Sahel (Niamey, Niger)",185,1.3790019217576954
"Sahel (Niamey, Niger)",186,1.3392193459846744
"Sahel (Niamey, Niger)",187,1.4584205269413224
"Sahel (Niamey, Niger)",188,1.5555399870021953
"Sahel (Niamey, Niger)",189,1.5184542567393085
"Sahel (Niamey, Niger)",190,1.3575779794920406
"Sahel (Niamey, Niger)",191,1.4633011710255461
"Sahel (Niamey, Niger)",192,1.6520283355815903
"Sahel (Niamey, Niger)",193,1.5850308451657498
"Sahel (Niamey, Niger)",194,1.329775847839337
"Sahel (Niamey, Niger)",195,1.541433309958179
"Sahel (Niamey, Niger)",196,1.4940877140421125
"Sahel (Niamey, Niger)",197,1.4499657173172573
"Sahel (Niamey, Niger)",198,1.3101339440584716
"Sahel (Niamey, Niger)",199,1.3424918257946976
"Sahel (Niamey, Niger)",200,1.3775299423503944
"Sahel (Niamey, Niger)",201,1.4210820550510659
"Sahel (Niamey, Niger)",202,1.281349793721028
"Sahel (Niamey, Niger)",203,1.3053674363041288
"Sahel (Niamey, Niger)",204,1.3693300741634415
"Sahel (Niamey, Niger)",205,1.3526369985677207
"Sahel (Niamey, Niger)",206,1.05092637580246
"Sahel (Niamey, Niger)",207,1.2618233225184843
"Sahel (Niamey, Niger)",208,1.3558546410330987
"Sahel (Niamey, Niger)",209,1.5426984643140869
"Sahel (Niamey, Niger)",210,1.5933381893445218
"Sahel (Niamey, Niger)",211,1.1825516182432485
"Sahel (Niamey, Niger)",212,1.2107781468668122
"Sahel (Niamey, Niger)",213,1.1211107778990232
"Sahel (Niamey, Niger)",214,1.2425741158594148
"Sahel (Niamey, Niger)",215,1.0837070315507593
"Sahel (Niamey, Niger)",216,1.2742918068007392
"Sahel (Niamey, Niger)",217,1.1556421706732913
"Sahel (Niamey, Niger)",218,1.1563889080036662
"Sahel (Niamey, Niger)",219,1.102159613646539
"Sahel (Niamey, Niger)",220,1.1847260858612356
"Sahel (Niamey, Niger)",221,1.2892156973000686
"Sahel (Niamey, Niger)",222,1.2618820468694434
"Sahel (Niamey, Niger)",223,1.2682843491405387
"Sahel (Niamey, Niger)",224,1.2191922559100492
"Sahel (Niamey, Niger)",225,1.046409950428215
"Sahel (Niamey, Niger)",226,0.9669313232760365
"Sahel (Niamey, Niger)",227,0.8787364499179358
"Sahel (Niamey, Niger)",228,1.0555686172429743
"Sahel (Niamey, Niger)",229,1.4089636596024524
"Sahel (Niamey, Niger)",230,1.105058018432282
"Sahel (Niamey, Niger)",231,1.0009645453969134
"Sahel (Niamey, Niger)",232,1.2379113555957455
"Sahel (Niamey, Niger)",233,1.09162107668039
"Sahel (Niamey, Niger)",234,1.1571153852573024
"Sahel (Niamey, Niger)",235,1.324497032464151
"Sahel (Niamey, Niger)",236,1.2655214770518473
"Sahel (Niamey, Niger)",237,1.3129825600364344
"Sahel (Niamey, Niger)",238,1.2794986134821509
"Sahel (Niamey, Niger)",239,1.3510174695242958
"Sahel (Niamey, Niger)",240,1.2201066566902203
"Sahel (Niamey, Niger)",241,1.519019517973053
"Sahel (Niamey, Niger)",242,1.3780723698919504
"Sahel (Niamey, Niger)",243,1.13987407041564
"Sahel (Niamey, Niger)",244,1.3255202815925966
"Sahel (Niamey, Niger)",245,1.2554906682973865
"Sahel (Niamey, Niger)",246,1.1367157868732403
"Sahel (Niamey, Niger)",247,1.2123291056743286
"Sahel (Niamey, Niger)",248,1.1547346235131075
"Sahel (Niamey, Niger)",249,1.1554248141082488
"Sahel (Niamey, Niger)",250,1.2284235931928755
"Sahel (Niamey, Niger)",251,1.341120886631082
"Sahel (Niamey, Niger)",252,1.2645156130824908
"Sahel (Niamey, Niger)",253,1.1923474279782478
"Sahel (Niamey, Niger)",254,1.3023963115042487
"Sahel (Niamey, Niger)",255,1.3293799123554588
"Sahel (Niamey, Niger)",256,0.7880270477001271
"Sahel (Niamey, Niger)",257,0.902991855862918
"Sahel (Niamey, Niger)",258,1.0227018272615649
"Sahel (Niamey, Niger)",259,1.0586958699417461
"Sahel (Niamey, Niger)",260,1.3369082338712748
"Sahel (Niamey, Niger)",261,1.2796321980818806
"Sahel (Niamey, Niger)",262,1.2740722902746404
"Sahel (Niamey, Niger)",263,1.1292914390599254
"Sahel (Niamey, Niger)",264,1.277645578437729
"Sahel (Niamey, Niger)",265,1.2269281326573827
"Sahel (Niamey, Niger)",266,1.2334981795629865
"Sahel (Niamey, Niger)",267,1.286430460541776
"Sahel (Niamey, Niger)",268,1.2098521741510806
"Sahel (Niamey, Niger)",269,1.276846070577523
"Sahel (Niamey, Niger)",270,1.5352590838504927
"Sahel (Niamey, Niger)",271,1.1636987215717554
"Sahel (Niamey, Niger)",272,1.2608575389849643
"Sahel (Niamey, Niger)",273,1.4242204202639517
"Sahel (Niamey, Niger)",274,1.5987428993903146
"Sahel (Niamey, Niger)",275,1.5175417385094865
"Sahel (Niamey, Niger)",276,1.3249984442928358
"Sahel (Niamey, Niger)",277,1.44115902088119
"Sahel (Niamey, Niger)",278,1.3254122977342562
"Sahel (Niamey, Niger)",279,1.2235000740864872
"Sahel (Niamey, Niger)",280,1.4928618032612273
"Sahel (Niamey, Niger)",281,1.414739590109221
"Sahel (Niamey, Niger)",282,1.3906552176800997
"Sahel (Niamey, Niger)",283,1.468157868359893
"Sahel (Niamey, Niger)",284,1.6333030354152978
"Sahel (Niamey, Niger)",285,1.3560964646972882
"Sahel (Niamey, Niger)",286,1.1753440187314796
"Sahel (Niamey, Niger)",287,1.2689237336658439
"Sahel (Niamey, Niger)",288,1.3748122877827638
"Sahel (Niamey, Niger)",289,1.4261634655410205
"Sahel (Niamey, Niger)",290,1.1346414201058739
"Sahel (Niamey, Niger)",291,1.3795987865460468
"Sahel (Niamey, Niger)",292,1.4180523484702932
"Sahel (Niamey, Niger)",293,1.313671082300883
"Sahel (Niamey, Niger)",294,1.209176921148628
"Sahel (Niamey, Niger)",295,1.1895496331846451
"Sahel (Niamey, Niger)",296,1.2832629484739295
"Sahel (Niamey, Niger)",297,1.3726929906252259
"Sahel (Niamey, Niger)",298,1.4727269007908068
"Sahel (Niamey, Niger)",299,1.614519790629411
"Sahel (Niamey, Niger)",300,1.4073669618573883
"Sahel (Niamey, Niger)",301,1.6062281003516927
"Sahel (Niamey, Niger)",302,1.6427164342326703
"Sahel (Niamey, Niger)",303,1.672440077836419
"Sahel (Niamey, Niger)",304,1.5739687888946134
"Sahel (Niamey, Niger)",305,1.6688130981174025
"Sahel (Niamey, Niger)",306,1.8801558007503358
"Sahel (Niamey, Niger)",307,1.9353563978999258
"Sahel (Niamey, Niger)",308,1.8660979373087323
"Sahel (Niamey, Niger)",309,1.8576710282094155
"Sahel (Niamey, Niger)",310,1.8477085402991162
"Sahel (Niamey, Niger)",311,1.8756318174385231
"Sahel (Niamey, Niger)",312,1.8758012241594624
"Sahel (Niamey, Niger)",313,1.7453296786291101
"Sahel (Niamey, Niger)",314,1.648531587610269
"Sahel (Niamey, Niger)",315,1.9191652739764784
"Sahel (Niamey, Niger)",316,1.8432902578351624
"Sahel (Niamey, Niger)",317,1.5572202425222101
"Sahel (Niamey, Niger)",318,1.5476989671842705
"Sahel (Niamey, Niger)",319,1.599231630380975
"Sahel (Niamey, Niger)",320,1.6151102698987303
"Sahel (Niamey, Niger)",321,1.68648451553569
"Sahel (Niamey, Niger)",322,1.6950001715030454
"Sahel (Niamey, Niger)",323,1.7839216722629827
"Sahel (Niamey, Niger)",324,1.8856512830052545
"Sahel (Niamey, Niger)",325,1.8732386512127763
"Sahel (Niamey, Niger)",326,1.949213643149073
"Sahel (Niamey, Niger)",327,2.0269618560176537
"Sahel (Niamey, Niger)",328,2.00089990325178
"Sahel (Niamey, Niger)",329,1.8825759420511705
"Sahel (Niamey, Niger)",330,1.9138348400334873
"Sahel (Niamey, Niger)",331,2.0178936331203734
"Sahel (Niamey, Niger)",332,2.011903477440456
"Sahel (Niamey, Niger)",333,1.974219036323645
"Sahel (Niamey, Niger)",334,1.9179221490923086
"Sahel (Niamey, Niger)",335,1.900887894796405
"Sahel (Niamey, Niger)",336,1.9631101548093102
"Sahel (Niamey, Niger)",337,1.956332537654536
"Sahel (Niamey, Niger)",338,1.9135718679654865
"Sahel (Niamey, Niger)",339,1.9147838517001081
"Sahel (Niamey, Niger)",340,1.9887274687678336
"Sahel (Niamey, Niger)",341,1.9276579354955772
"Sahel (Niamey, Niger)",342,1.862541796854963
"Sahel (Niamey, Niger)",343,1.9595401151806289
"Sahel (Niamey, Niger)",344,1.9057151166184954
"Sahel (Niamey, Niger)",345,2.0196849831816945
"Sahel (Niamey, Niger)",346,2.0497031703836446
"Sahel (Niamey, Niger)",347,2.1246338821529664
"Sahel (Niamey, Niger)",348,2.2049037578532427
"Sahel (Niamey, Niger)",349,2.189120260711192
"Sahel (Niamey, Niger)",350,2.302625167900278
"Sahel (Niamey, Niger)",351,2.2316038184536695
"Sahel (Niamey, Niger)",352,2.2419487144123007
"Sahel (Niamey, Niger)",353,2.1704550214183196
"Sahel (Niamey, Niger)",354,2.166578285994902
"Sahel (Niamey, Niger)",355,2.137284675058756
"Sahel (Niamey, Niger)",356,1.9158674253568118
"Sahel (Niamey, Niger)",357,1.7615116244180262
"Sahel (Niamey, Niger)",358,1.8379060581669924
"Sahel (Niamey, Niger)",359,1.9170732157608732
"Sahel (Niamey, Niger)",360,1.8863257796960406
"Sahel (Niamey, Niger)",361,1.7842468253061907
"Sahel (Niamey, Niger)",362,1.8292473960459272
"Sahel (Niamey, Niger)",363,1.904673899607957
"Sahel (Niamey, Niger)",364,1.9156340617014913
"Sahel (Niamey, Niger)",365,1.9438544673598488
"Sahel (Niamey, Niger)",366,2.0492898991868116
"Svalbard, Norway",1,7.0651040541511545
"Svalbard, Norway",2,7.17139286938762
"Svalbard, Norway",3,7.0970145101807915
"Svalbard, Norway",4,7.042386814904443
"Svalbard, Norway",5,6.745400186693665
"Svalbard, Norway",6,6.957793488023865
"Svalbard, Norway",7,7.2208049922241635
"Svalbard, Norway",8,6.520935515706316
"Svalbard, Norway",9,5.8706756835114415
"Svalbard, Norway",10,7.494196472010816
"Svalbard, Norway",11,7.483661880217514
"Svalbard, Norway",12,8.066418118874012
"Svalbard, Norway",13,7.599047547278068
"Svalbard, Norway",14,6.5299305041482905
"Svalbard, Norway",15,7.336814451804776
"Svalbard, Norway",16,7.956658529666628
"Svalbard, Norway",17,7.975948822519507
"Svalbard, Norway",18,7.459447193411161
"Svalbard, Norway",19,6.63598433999633
"Svalbard, Norway",20,6.106120603676158
"Svalbard, Norway",21,6.25844117921208
"Svalbard, Norway",22,7.322733387201959
"Svalbard, Norway",23,7.547773718641967
"Svalbard, Norway",24,7.1645609063621265
"Svalbard, Norway",25,6.684180540886911
"Svalbard, Norway",26,6.604453599407225
"Svalbard, Norway",27,7.108091758417922
"Svalbard, Norway",28,7.4222303473962405
"Svalbard, Norway",29,7.29475108869993
"Svalbard, Norway",30,8.275846497712472
"Svalbard, Norway",31,7.9290052936762425
"Svalbard, Norway",32,7.029056468037997
"Svalbard, Norway",33,7.495446679833867
"Svalbard, Norway",34,7.805661061619284
"Svalbard, Norway",35,7.879769906815501
"Svalbard, Norway",36,8.326801032413575
"Svalbard, Norway",37,7.282064426727529
"Svalbard, Norway",38,7.105682611120402
"Svalbard, Norway",39,7.2060732988921465
"Svalbard, Norway",40,6.610109689385513
"Svalbard, Norway",41,6.744633995840214
"Svalbard, Norway",42,6.173665937669172
"Svalbard, Norway",43,6.173155154054153
"Svalbard, Norway",44,5.431318832479114
"Svalbard, Norway",45,5.281245223423789
"Svalbard, Norway",46,5.7096418720051005
"Svalbard, Norway",47,6.536520335564756
"Svalbard, Norway",48,6.365343845600744
"Svalbard, Norway",49,6.7741266063655585
"Svalbard, Norway",50,6.255461731951961
"Svalbard, Norway",51,6.839580801417003
"Svalbard, Norway",52,7.041342888420109
"Svalbard, Norway",53,7.1060473605872545
"Svalbard, Norway",54,7.003063913422158
"Svalbard, Norway",55,6.563353329197665
"Svalbard, Norway",56,6.84492384176604
"Svalbard, Norway",57,6.160973485720804
"Svalbard, Norway",58,6.271598565990866
"Svalbard, Norway",59,7.104394093334336
"Svalbard, Norway",60,7.4138422439502865
"Svalbard, Norway",61,7.618691671848762
"Svalbard, Norway",62,7.4671721689569805
"Svalbard, Norway",63,7.220145658489842
"Svalbard, Norway",64,7.364098442944554
"Svalbard, Norway",65,7.05791768967058
"Svalbard, Norway",66,6.829931931598941
"Svalbard, Norway",67,6.134899507422543
"Svalbard, Norway",68,6.341461785683265
"Svalbard, Norway",69,7.06159979763104
"Svalbard, Norway",70,7.428365165906626
"Svalbard, Norway",71,7.254549655056089
"Svalbard, Norway",72,7.08089486153898
"Svalbard, Norway",73,6.795502818950769
"Svalbard, Norway",74,6.956864296153486
"Svalbard, Norway",75,6.606059726168712
"Svalbard, Norway",76,6.5889006026969215
"Svalbard, Norway",77,6.012045185709315
"Svalbard, Norway",78,5.917248857201713
"Svalbard, Norway",79,5.722534329677196
"Svalbard, Norway",80,6.072606794199309
"Svalbard, Norway",81,5.791854832398442
"Svalbard, Norway",82,6.0176138570673965
"Svalbard, Norway",83,6.494812045741874
"Svalbard, Norway",84,5.725787273804587
"Svalbard, Norway",85,6.0622386606996255
"Svalbard, Norway",86,5.732152866063103
"Svalbard, Norway",87,6.184165156158666
"Svalbard, Norway",88,5.286893458531244
"Svalbard, Norway",89,5.148132586986508
"Svalbard, Norway",90,4.634714921068736
"Svalbard, Norway",91,5.051887198920133
"Svalbard, Norway",92,5.02369655346646
"Svalbard, Norway",93,5.201605028560906
"Svalbard, Norway",94,5.436735336625041
"Svalbard, Norway",95,5.926323774297289
"Svalbard, Norway",96,5.645017724127023
"Svalbard, Norway",97,4.833887929592104
"Svalbard, Norway",98,5.224650326666925
"Svalbard, Norway",99,6.08535984037856
"Svalbard, Norway",100,4.96838233145793
"Svalbard, Norway",101,4.881025711659982
"Svalbard, Norway",102,5.839148927784397
"Svalbard, Norway",103,6.047866536274752
"Svalbard, Norway",104,5.573365207460335
"Svalbard, Norway",105,5.353741553884798
"Svalbard, Norway",106,6.157262337484122
"Svalbard, Norway",107,5.645939044619615
"Svalbard, Norway",108,5.700302354652855
"Svalbard, Norway",109,5.534873296666148
"Svalbard, Norway",110,4.638325338420291
"Svalbard, Norway",111,4.2201281693009856
"Svalbard, Norway",112,4.603194789787552
"Svalbard, Norway",113,4.170049019692511
"Svalbard, Norway",114,4.150786388469796
"Svalbard, Norway",115,4.464411611393018
"Svalbard, Norway",116,4.212367494042107
"Svalbard, Norway",117,4.388997312615718
"Svalbard, Norway",118,3.981392416080651
"Svalbard, Norway",119,3.8153934069626807
"Svalbard, Norway",120,3.886476981767643
"Svalbard, Norway",121,3.8623721199846437
"Svalbard, Norway",122,4.036804587674484
"Svalbard, Norway",123,3.6591598118340265
"Svalbard, Norway",124,3.2197071141074693
"Svalbard, Norway",125,3.538919483392717
"Svalbard, Norway",126,3.622820610446464
"Svalbard, Norway",127,3.4050961295039515
"Svalbard, Norway",128,3.176274294395034
"Svalbard, Norway",129,2.6724736939435525
"Svalbard, Norway",130,2.894078110179891
"Svalbard, Norway",131,3.056892015581513
"Svalbard, Norway",132,3.2061760564358566
"Svalbard, Norway",133,3.048350748076425
"Svalbard, Norway",134,2.811270083437306
"Svalbard, Norway",135,2.2744721758348536
"Svalbard, Norway",136,2.639587104940202
"Svalbard, Norway",137,2.4300674152595296
"Svalbard, Norway",138,2.293994676334898
"Svalbard, Norway",139,2.3697084146370604
"Svalbard, Norway",140,2.404159395626082
"Svalbard, Norway",141,2.480897121716503
"Svalbard, Norway",142,2.4088752715729744
"Svalbard, Norway",143,2.3522602485600106
"Svalbard, Norway",144,2.3089719644832325
"Svalbard, Norway",145,2.3093953131661054
"Svalbard, Norway",146,2.131119319987825
"Svalbard, Norway",147,2.040327151150259
"Svalbard, Norway",148,1.8826850259607275
"Svalbard, Norway",149,1.6481230916283416
"Svalbard, Norway",150,1.5789950506505266
"Svalbard, Norway",151,1.5750262087151234
"Svalbard, Norway",152,1.4847768035796505
"Svalbard, Norway",153,1.4733200200929755
"Svalbard, Norway",154,1.6265865080210489
"Svalbard, Norway",155,1.7565393825750097
"Svalbard, Norway",156,1.431266441230567
"Svalbard, Norway",157,1.3509223808456825
"Svalbard, Norway",158,1.245248814044604
"Svalbard, Norway",159,1.325338602074199
"Svalbard, Norway",160,1.2624539846762524
"Svalbard, Norway",161,1.0022202624899652
"Svalbard, Norway",162,1.087665420822634
"Svalbard, Norway",163,1.015789588631471
"Svalbard, Norway",164,0.9749897814827454
"Svalbard, Norway",165,1.1053663785672185
"Svalbard, Norway",166,1.0211118955194123
"Svalbard, Norway",167,0.9130040963300403
"Svalbard, Norway",168,0.8234908356795496
"Svalbard, Norway",169,1.2457861319988923
"Svalbard, Norway",170,1.358395922413491
"Svalbard, Norway",171,1.282662235410395
"Svalbard, Norway",172,1.2812946635333948
"Svalbard, Norway",173,1.316390794999176
"Svalbard, Norway",174,1.4841422519763663
"Svalbard, Norway",175,1.412308547522037
"Svalbard, Norway",176,1.1941656087231296
"Svalbard, Norway",177,1.3216074482830726
"Svalbard, Norway",178,1.4580785380958785
"Svalbard, Norway",179,1.4654207341642171
"Svalbard, Norway",180,1.6101910513933788
"Svalbard, Norway",181,1.5709384188618716
"Svalbard, Norway",182,1.398896480671949
"Svalbard, Norway",183,1.4510881496938146
"Svalbard, Norway",184,1.2762507855642153
"Svalbard, Norway",185,1.3217771647104914
"Svalbard, Norway",186,1.5746036113160529
"Svalbard, Norway",187,1.8444753661465239
"Svalbard, Norway",188,2.015629036371067
"Svalbard, Norway",189,1.9595576338825555
"Svalbard, Norway",190,1.5931881124092655
"Svalbard, Norway",191,1.3160779029037861
"Svalbard, Norway",192,1.6743066944191392
"Svalbard, Norway",193,1.4651151922040333
"Svalbard, Norway",194,1.8328417352948063
"Svalbard, Norway",195,1.6720860867810503
"Svalbard, Norway",196,1.5142048339210146
"Svalbard, Norway",197,1.4373267705164086
"Svalbard, Norway",198,1.2758361474986788
"Svalbard, Norway",199,1.3265779426987951
"Svalbard, Norway",200,1.4768200509886487
"Svalbard, Norway",201,1.4594399828101694
"Svalbard, Norway",202,1.140602632712431
"Svalbard, Norway",203,1.0739536920973625
"Svalbard, Norway",204,1.5385308297739453
"Svalbard, Norway",205,1.750770458607153
"Svalbard, Norway",206,1.7748954499775333
"Svalbard, Norway",207,1.383286982250708
"Svalbard, Norway",208,1.6743106246014439
"Svalbard, Norway",209,1.4359106803800847
"Svalbard, Norway",210,1.6037421058486558
"Svalbard, Norway",211,1.4473190751473612
"Svalbard, Norway",212,1.540320849446277
"Svalbard, Norway",213,1.5191313272489562
"Svalbard, Norway",214,1.5061989422715014
"Svalbard, Norway",215,1.4318938803439998
"Svalbard, Norway",216,1.5265226689354419
"Svalbard, Norway",217,1.5331709323563407
"Svalbard, Norway",218,1.3372793528852818
"Svalbard, Norway",219,1.4238994489050012
"Svalbard, Norway",220,1.5493428157372184
"Svalbard, Norway",221,1.6732221956023166
"Svalbard, Norway",222,1.6697710341702274
"Svalbard, Norway",223,1.86487249392677
"Svalbard, Norway",224,1.6626986520746905
"Svalbard, Norway",225,1.5198017841159792
"Svalbard, Norway",226,1.4123562247918353
"Svalbard, Norway",227,1.4553225741827838
"Svalbard, Norway",228,1.500735971668441
"Svalbard, Norway",229,1.2772910643240696
"Svalbard, Norway",230,1.3702953339793513
"Svalbard, Norway",231,1.3963157502580157
"Svalbard, Norway",232,1.545093646456859
"Svalbard, Norway",233,1.6169127755973922
"Svalbard, Norway",234,1.6150051381325397
"Svalbard, Norway",235,1.6933292045334847
"Svalbard, Norway",236,1.7406101303258037
"Svalbard, Norway",237,1.5402941016772522
"Svalbard, Norway",238,1.5435211385936418
"Svalbard, Norway",239,1.5599453831171999
"Svalbard, Norway",240,1.4925710857740733
"Svalbard, Norway",241,1.4567728205660475
"Svalbard, Norway",242,1.7546155382600468
"Svalbard, Norway",243,1.9061185975228325
"Svalbard, Norway",244,2.0215672755244776
"Svalbard, Norway",245,1.8933366522219268
"Svalbard, Norway",246,1.9992763489977403
"Svalbard, Norway",247,2.0061910914866146
"Svalbard, Norway",248,2.0774323984136904
"Svalbard, Norway",249,2.094921423746053
"Svalbard, Norway",250,2.05613982833306
"Svalbard, Norway",251,2.0500463048449555
"Svalbard, Norway",252,2.038725752905538
"Svalbard, Norway",253,1.962216287513994
"Svalbard, Norway",254,2.2652239363978124
"Svalbard, Norway",255,2.3968673507834315
"Svalbard, Norway",256,2.144350301030747
"Svalbard, Norway",257,1.9769844179978615
"Svalbard, Norway",258,2.295369949040858
"Svalbard, Norway",259,2.6581418266152936
"Svalbard, Norway",260,2.6923868471044217
"Svalbard, Norway",261,3.0181967510265095
"Svalbard, Norway",262,3.3128308443021703
"Svalbard, Norway",263,2.8103335818791386
"Svalbard, Norway",264,2.7499913030806167
"Svalbard, Norway",265,3.2597155075673157
"Svalbard, Norway",266,3.1312152316055313
"Svalbard, Norway",267,3.196847441209522
"Svalbard, Norway",268,3.143649350163989
"Svalbard, Norway",269,3.3710139878905743
"Svalbard, Norway",270,4.0289438283616
"Svalbard, Norway",271,4.03338129124832
"Svalbard, Norway",272,3.889117385481565
"Svalbard, Norway",273,3.5870233585875706
"Svalbard, Norway",274,3.424592165653756
"Svalbard, Norway",275,3.627527965951911
"Svalbard, Norway",276,3.8172863397968984
"Svalbard, Norway",277,3.6399326539317403
"Svalbard, Norway",278,4.257831703338389
"Svalbard, Norway",279,3.902174076899577
"Svalbard, Norway",280,3.663370043279244
"Svalbard, Norway",281,4.099612799485854
"Svalbard, Norway",282,4.648234155149606
"Svalbard, Norway",283,4.78755921143121
"Svalbard, Norway",284,4.0171657766861495
"Svalbard, Norway",285,3.962561975559246
"Svalbard, Norway",286,3.8727824248670895
"Svalbard, Norway",287,3.5242756741611667
"Svalbard, Norway",288,4.659218714278623
"Svalbard, Norway",289,4.0152807489141304
"Svalbard, Norway",290,4.492480839236723
"Svalbard, Norway",291,4.42923018977291
"Svalbard, Norway",292,4.548795968983646
"Svalbard, Norway",293,4.170437709294265
"Svalbard, Norway",294,4.376744780444722
"Svalbard, Norway",295,5.28401272578501
"Svalbard, Norway",296,5.273962509317152
"Svalbard, Norway",297,5.383025484993827
"Svalbard, Norway",298,5.088599759841231
"Svalbard, Norway",299,4.9531328790094795
"Svalbard, Norway",300,5.456981388769658
"Svalbard, Norway",301,5.363379325639542
"Svalbard, Norway",302,4.953592925873529
"Svalbard, Norway",303,4.439044404146833
"Svalbard, Norway",304,5.096291499780988
"Svalbard, Norway",305,5.353795871394252
"Svalbard, Norway",306,5.466696803639063
"Svalbard, Norway",307,5.194088092238768
"Svalbard, Norway",308,5.515666228382347
"Svalbard, Norway",309,6.191358650123645
"Svalbard, Norway",310,6.340625527694599
"Svalbard, Norway",311,5.619271355863189
"Svalbard, Norway",312,5.846080357785281
"Svalbard, Norway",313,5.55695921990347
"Svalbard, Norway",314,5.1585068137561585
"Svalbard, Norway",315,4.911851870214126
"Svalbard, Norway",316,5.363929525796989
"Svalbard, Norway",317,5.157594182214647
"Svalbard, Norway",318,5.047816830756743
"Svalbard, Norway",319,5.788501743222476
"Svalbard, Norway",320,5.739997546058068
"Svalbard, Norway",321,5.554419816020429
"Svalbard, Norway",322,6.388944435010959
"Svalbard, Norway",323,5.703158887863061
"Svalbard, Norway",324,6.119546439548671
"Svalbard, Norway",325,6.391592402173184
"Svalbard, Norway",326,6.639837774069631
"Svalbard, Norway",327,6.4297894184936855
"Svalbard, Norway",328,5.428152010534658
"Svalbard, Norway",329,5.227656142294736
"Svalbard, Norway",330,5.832502513572071
"Svalbard, Norway",331,5.606413436176121
"Svalbard, Norway",332,6.532845275146684
"Svalbard, Norway",333,6.706102782904817
"Svalbard, Norway",334,6.080598699937604
"Svalbard, Norway",335,5.777482914439339
"Svalbard, Norway",336,6.223700387360233
"Svalbard, Norway",337,6.478029187681097
"Svalbard, Norway",338,6.022423404915675
"Svalbard, Norway",339,6.061797244637528
"Svalbard, Norway",340,6.142883346066623
"Svalbard, Norway",341,6.958746363489204
"Svalbard, Norway",342,6.662625788649484
"Svalbard, Norway",343,5.979733650831259
"Svalbard, Norway",344,6.248995060856835
"Svalbard, Norway",345,6.10739718456061
"Svalbard, Norway",346,5.453426391548146
"Svalbard, Norway",347,5.675835033702946
"Svalbard, Norway",348,5.858068950494919
"Svalbard, Norway",349,5.628324523784295
"Svalbard, Norway",350,6.268750242138275
"Svalbard, Norway",351,7.064279359191102
"Svalbard, Norway",352,6.830428932946584
"Svalbard, Norway",353,7.031423744388481
"Svalbard, Norway",354,6.730515814479901
"Svalbard, Norway",355,6.043884067340331
"Svalbard, Norway",356,6.501661618809212
"Svalbard, Norway",357,6.937387490278658
"Svalbard, Norway",358,7.115732324337946
"Svalbard, Norway",359,7.1715673735997445
"Svalbard, Norway",360,6.9351790157841275
"Svalbard, Norway",361,6.29459877866375
"Svalbard, Norway",362,6.023460524593145
"Svalbard, Norway",363,6.8093965476020495
"Svalbard, Norway",364,6.6475172367029005
"Svalbard, Norway",365,6.414458166746329
"Svalbard, Norway",366,5.104189188571214
"Sydney, Australia",1,2.0325356095843263
"Sydney, Australia",2,1.7683490915296511
"Sydney, Australia",3,1.6997174712373815
"Sydney, Australia",4,1.7690691494091235
"Sydney, Australia",5,1.74065021204047
"Sydney, Australia",6,1.6289495668472744
"Sydney, Australia",7,2.1581420636786235
"Sydney, Australia",8,2.267708373777136
"Sydney, Australia",9,1.9052149834578742
"Sydney, Australia",10,1.8108556111400662
"Sydney, Australia",11,1.788465081214348
"Sydney, Australia",12,1.8676417137193433
"Sydney, Australia",13,1.7213758079816384
"Sydney, Australia",14,2.023075443346455
"Sydney, Australia",15,1.8097999609128308
"Sydney, Australia",16,1.6231730175247165
"Sydney, Australia",17,2.1034189424261855
"Sydney, Australia",18,2.2106786288377602
"Sydney, Australia",19,1.4246761250581774
"Sydney, Australia",20,1.420312679596437
"Sydney, Australia",21,1.7610152721039953
"Sydney, Australia",22,1.9439170042054004
"Sydney, Australia",23,2.220797656348722
"Sydney, Australia",24,1.9355157711089352
"Sydney, Australia",25,2.115888287514993
"Sydney, Australia",26,2.0177609888274244
"Sydney, Australia",27,1.392922972756867
"Sydney, Australia",28,1.5376913586892973
"Sydney, Australia",29,1.5530712258483652
"Sydney, Australia",30,1.6841413487152535
"Sydney, Australia",31,1.6936876183093441
"Sydney, Australia",32,2.2280090943065955
"Sydney, Australia",33,1.944467241720112
"Sydney, Australia",34,1.870882300251769
"Sydney, Australia",35,1.954785800651074
"Sydney, Australia",36,2.277831706535427
"Sydney, Australia",37,1.5691502662713768
"Sydney, Australia",38,1.473441556744498
"Sydney, Australia",39,1.7483770789357738
"Sydney, Australia",40,1.9882526564279528
"Sydney, Australia",41,1.9075658309943504
"Sydney, Australia",42,2.087020747989103
"Sydney, Australia",43,1.7552422689853895
"Sydney, Australia",44,1.7368318828917135
"Sydney, Australia",45,1.8976550567971349
"Sydney, Australia",46,1.7059492345019163
"Sydney, Australia",47,1.7437657453425395
"Sydney, Australia",48,1.7202671230451458
"Sydney, Australia",49,1.3811407753873735
"Sydney, Australia",50,1.3820442468356111
"Sydney, Australia",51,1.5007398457316312
"Sydney, Australia",52,1.2186894669739776
"Sydney, Australia",53,1.373289961051465
"Sydney, Australia",54,1.422077285345923
"Sydney, Australia",55,1.5107529135336895
"Sydney, Australia",56,1.4070205089029704
"Sydney, Australia",57,1.4448165534593334
"Sydney, Australia",58,1.4781650386904586
"Sydney, Australia",59,1.5072118386036721
"Sydney, Australia",60,1.5192819401402622
"Sydney, Australia",61,1.8034269703010726
"Sydney, Australia",62,1.729391979088648
"Sydney, Australia",63,1.6635818103556856
"Sydney, Australia",64,1.4319014842038245
"Sydney, Australia",65,1.6696349659915897
"Sydney, Australia",66,1.4875570413850374
"Sydney, Australia",67,1.5943015596185426
"Sydney, Australia",68,1.9785204927876159
"Sydney, Australia",69,1.952014991342808
"Sydney, Australia",70,1.5868086632027258
"Sydney, Australia",71,1.7647233101883697
"Sydney, Australia",72,1.9072411253848862
"Sydney, Australia",73,1.3262324038441926
"Sydney, Australia",74,1.3705710141625573
"Sydney, Australia",75,1.5187126656074659
"Sydney, Australia",76,1.3643996736090969
"Sydney, Australia",77,1.609285867777483
"Sydney, Australia",78,1.6663837744412087
"Sydney, Australia",79,1.5187769608009
"Sydney, Australia",80,1.6036720547532841
"Sydney, Australia",81,1.5277881834911615
"Sydney, Australia",82,1.544001880701897
"Sydney, Australia",83,1.3390673918498035
"Sydney, Australia",84,1.4810915886159506
"Sydney, Australia",85,1.489894288004748
"Sydney, Australia",86,1.4024816422581206
"Sydney, Australia",87,1.4600015204602697
"Sydney, Australia",88,1.5830121387057146
"Sydney, Australia",89,1.2131576702018398
"Sydney, Australia",90,1.5104774842558806
"Sydney, Australia",91,1.2951042959625754
"Sydney, Australia",92,1.4392361103708278
"Sydney, Australia",93,1.324622308449576
"Sydney, Australia",94,1.389425843820276
"Sydney, Australia",95,1.4167984932239621
"Sydney, Australia",96,1.4681897642785646
"Sydney, Australia",97,1.7811488204266919
"Sydney, Australia",98,1.7777969358258308
"Sydney, Australia",99,1.316419482421841
"Sydney, Australia",100,1.4873434325191774
"Sydney, Australia",101,1.763351544098939
"Sydney, Australia",102,2.001949367116696
"Sydney, Australia",103,1.7558524910714146
"Sydney, Australia",104,1.4502579780714302
"Sydney, Australia",105,1.1669391079258449
"Sydney, Australia",106,1.3450660562070007
"Sydney, Australia",107,1.3487384090264074
"Sydney, Australia",108,1.5505741110942637
"Sydney, Australia",109,1.6187966976783634
"Sydney, Australia",110,1.3242851795540365
"Sydney, Australia",111,1.4340390038954474
"Sydney, Australia",112,1.5518203693642454
"Sydney, Australia",113,1.53475320133445
"Sydney, Australia",114,1.4930477895575711
"Sydney, Australia",115,1.2643438955671544
"Sydney, Australia",116,1.5506609618497047
"Sydney, Australia",117,1.4756290807422945
"Sydney, Australia",118,1.460462798438796
"Sydney, Australia",119,1.6011501382842572
"Sydney, Australia",120,1.5226399094562453
"Sydney, Australia",121,1.2025952160639044
"Sydney, Australia",122,1.3833250952827034
"Sydney, Australia",123,1.4322762380167156
"Sydney, Australia",124,1.5154567268348813
"Sydney, Australia",125,1.2721845131575726
"Sydney, Australia",126,1.1930748910107243
"Sydney, Australia",127,1.3815477387097546
"Sydney, Australia",128,1.5498556162719286
"Sydney, Australia",129,1.5297254102834303
"Sydney, Australia",130,1.4578524708071396
"Sydney, Australia",131,1.5730165705033832
"Sydney, Australia",132,1.4344972637050126
"Sydney, Australia",133,1.3072693770227612
"Sydney, Australia",134,1.4549154127821153
"Sydney, Australia",135,1.4104701171503804
"Sydney, Australia",136,1.4663292103295007
"Sydney, Australia",137,1.3522228782540147
"Sydney, Australia",138,1.4795905917647965
"Sydney, Australia",139,1.605062155903283
"Sydney, Australia",140,1.4459860604803885
"Sydney, Australia",141,1.0769637651166395
"Sydney, Australia",142,1.3101205300973893
"Sydney, Australia",143,1.5302592741391243
"Sydney, Australia",144,1.4203618185378852
"Sydney, Australia",145,1.3156519135837954
"Sydney, Australia",146,1.1945362533071628
"Sydney, Australia",147,1.5445151541214421
"Sydney, Australia",148,1.5268731607598018
"Sydney, Australia",149,1.4722626443229894
"Sydney, Australia",150,1.4609926503281583
"Sydney, Australia",151,1.584905343276335
"Sydney, Australia",152,1.5619269519995689
"Sydney, Australia",153,1.467851455838062
"Sydney, Australia",154,1.4704852430045976
"Sydney, Australia",155,1.4442983146027983
"Sydney, Australia",156,1.6985230495000285
"Sydney, Australia",157,1.5763392574396713
"Sydney, Australia",158,1.4281437263704402
"Sydney, Australia",159,1.5561281027937381
"Sydney, Australia",160,1.8576744851023879
"Sydney, Australia",161,2.0763545847282923
"Sydney, Australia",162,1.7925395516968268
"Sydney, Australia",163,1.564928028929569
"Sydney, Australia",164,1.4950821956234348
"Sydney, Australia",165,1.3216200258018282
"Sydney, Australia",166,1.370292691840244
"Sydney, Australia",167,1.179647078767194
"Sydney, Australia",168,1.2079455721535688
"Sydney, Australia",169,1.2506183460022062
"Sydney, Australia",170,1.2966315727753852
"Sydney, Australia",171,1.5729249057044021
"Sydney, Australia",172,1.6161616365691795
"Sydney, Australia",173,1.4331870449136233
"Sydney, Australia",174,1.3708062318061447
"Sydney, Australia",175,1.4921381532884086
"Sydney, Australia",176,1.449388585827579
"Sydney, Australia",177,1.642566508768941
"Sydney, Australia",178,1.578799019031464
"Sydney, Australia",179,1.5133707809084322
"Sydney, Australia",180,1.5480255445827633
"Sydney, Australia",181,1.3241133895928034
"Sydney, Australia",182,1.1077259670973767
"Sydney, Australia",183,1.2082852411998917
"Sydney, Australia",184,1.3841078327212883
"Sydney, Australia",185,1.5396911327779936
"Sydney, Australia",186,1.660089467519487
"Sydney, Australia",187,1.7785741937829578
"Sydney, Australia",188,1.5003572513260848
"Sydney, Australia",189,1.5062867550979493
"Sydney, Australia",190,1.5039420188938484
"Sydney, Australia",191,1.4837262388314905
"Sydney, Australia",192,1.4297929853557523
"Sydney, Australia",193,1.3128408547636583
"Sydney, Australia",194,1.2936703116575994
"Sydney, Australia",195,1.4742658616636308
"Sydney, Australia",196,1.4600836229635998
"Sydney, Australia",197,1.359386987201406
"Sydney, Australia",198,1.464181560704181
"Sydney, Australia",199,1.5564337421353682
"Sydney, Australia",200,1.33590053243426
"Sydney, Australia",201,1.4793595230060441
"Sydney, Australia",202,1.4585799771294259
"Sydney, Australia",203,1.4867667681358014
"Sydney, Australia",204,1.5258948090505873
"Sydney, Australia",205,1.5385336639460105
"Sydney, Australia",206,1.4431219644327815
"Sydney, Australia",207,1.5342134772115341
"Sydney, Australia",208,1.3834832865735418
"Sydney, Australia",209,1.5805688989719688
"Sydney, Australia",210,1.6162773373680779
"Sydney, Australia",211,1.8116513322609498
"Sydney, Australia",212,1.5299025622222784
"Sydney, Australia",213,1.2682233373518257
"Sydney, Australia",214,1.3310220166772204
"Sydney, Australia",215,1.2906114878943975
"Sydney, Australia",216,1.3610434686178212
"Sydney, Australia",217,1.473327392215037
"Sydney, Australia",218,1.291967704581998
"Sydney, Australia",219,1.2386466221426735
"Sydney, Australia",220,1.2376092857546146
"Sydney, Australia",221,1.4134196757170239
"Sydney, Australia",222,1.6256925016547799
"Sydney, Australia",223,1.9623714458103807
"Sydney, Australia",224,1.5307082713042757
"Sydney, Australia",225,1.2318346893567935
"Sydney, Australia",226,1.2749154098706237
"Sydney, Australia",227,1.339531094001569
"Sydney, Australia",228,1.48298971996226
"Sydney, Australia",229,1.6634221043534279
"Sydney, Australia",230,1.5245997464555008
"Sydney, Australia",231,1.503405225721686
"Sydney, Australia",232,1.6453422470527443
"Sydney, Australia",233,1.5057709985955423
"Sydney, Australia",234,1.6538015020049486
"Sydney, Australia",235,1.7449435254405068
"Sydney, Australia",236,1.8397532351305599
"Sydney, Australia",237,1.8168647780075657
"Sydney, Australia",238,1.8636360349094747
"Sydney, Australia",239,1.6775356938760884
"Sydney, Australia",240,1.6491462811587148
"Sydney, Australia",241,1.8442543626989307
"Sydney, Australia",242,1.8555317416841628
"Sydney, Australia",243,2.0165927976733204
"Sydney, Australia",244,1.7473278148648645
"Sydney, Australia",245,1.8138154772808837
"Sydney, Australia",246,1.8991231981564278
"Sydney, Australia",247,1.8605914600995432
"Sydney, Australia",248,1.5537867540160075
"Sydney, Australia",249,1.5658206448232688
"Sydney, Australia",250,1.8779395139838286
"Sydney, Australia",251,1.4590925638685759
"Sydney, Australia",252,1.653872961164246
"Sydney, Australia",253,1.9746787546161395
"Sydney, Australia",254,1.7593754898158904
"Sydney, Australia",255,1.8349047448935814
"Sydney, Australia",256,1.9567555772263285
"Sydney, Australia",257,1.5654290221072995
"Sydney, Australia",258,1.7670331437407225
"Sydney, Australia",259,1.8186621247197245
"Sydney, Australia",260,1.9340251489977067
"Sydney, Australia",261,1.9622167858286539
"Sydney, Australia",262,1.950375363666342
"Sydney, Australia",263,2.343350089208175
"Sydney, Australia",264,1.7589698239133142
"Sydney, Australia",265,2.0039978409976005
"Sydney, Australia",266,2.3360771042040698
"Sydney, Australia",267,2.135268165224389
"Sydney, Australia",268,2.046634735870542
"Sydney, Australia",269,1.7532141881211143
"Sydney, Australia",270,1.9236417189804635
"Sydney, Australia",271,1.9845819557559345
"Sydney, Australia",272,2.181065210979592
"Sydney, Australia",273,2.4745273429130914
"Sydney, Australia",274,2.445210661620797
"Sydney, Australia",275,2.081285317523451
"Sydney, Australia",276,2.2901018746323274
"Sydney, Australia",277,2.2034236286069913
"Sydney, Australia",278,2.127099721240516
"Sydney, Australia",279,2.164169725908067
"Sydney, Australia",280,1.9246562527713678
"Sydney, Australia",281,2.110628932948761
"Sydney, Australia",282,2.182782279065245
"Sydney, Australia",283,1.8557114139888389
"Sydney, Australia",284,2.136122131102339
"Sydney, Australia",285,2.2024586852066674
"Sydney, Australia",286,2.310975044302971
"Sydney, Australia",287,2.3601345054299188
"Sydney, Australia",288,1.8001291209267343
"Sydney, Australia",289,1.592994507541405
"Sydney, Australia",290,1.9453680418321393
"Sydney, Australia",291,1.829739566606889
"Sydney, Australia",292,1.8048218244973149
"Sydney, Australia",293,2.132505238933854
"Sydney, Australia",294,2.3506198521278936
"Sydney, Australia",295,2.1841913758124227
"Sydney, Australia",296,2.0412333434391745
"Sydney, Australia",297,2.079663980725557
"Sydney, Australia",298,1.966322199321194
"Sydney, Australia",299,2.111885461109495
"Sydney, Australia",300,1.910230053776495
"Sydney, Australia",301,2.048779970067681
"Sydney, Australia",302,1.931580799990561
"Sydney, Australia",303,2.140338177918676
"Sydney, Australia",304,2.101572387774707
"Sydney, Australia",305,2.2029105650744656
"Sydney, Australia",306,2.3513738842989675
"Sydney, Australia",307,2.3418082111211453
"Sydney, Australia",308,1.9684276465181956
"Sydney, Australia",309,1.5296730122195707
"Sydney, Australia",310,1.8312535708066113
"Sydney, Australia",311,2.013235421023859
"Sydney, Australia",312,2.293173756473424
"Sydney, Australia",313,2.0185653122110594
"Sydney, Australia",314,1.8260827539028675
"Sydney, Australia",315,1.8748719336108972
"Sydney, Australia",316,1.8644773227646392
"Sydney, Australia",317,1.7956620708605702
"Sydney, Australia",318,2.100093927225933
"Sydney, Australia",319,1.8207713324970627
"Sydney, Australia",320,2.132042167851478
"Sydney, Australia",321,1.9895783972318104
"Sydney, Australia",322,1.998590623922168
"Sydney, Australia",323,2.5192894208578953
"Sydney, Australia",324,2.586131525754045
"Sydney, Australia",325,2.2102935600423037
"Sydney, Australia",326,2.340454535189616
"Sydney, Australia",327,2.021294197428505
"Sydney, Australia",328,2.132546592289961
"Sydney, Australia",329,2.2476390243836635
"Sydney, Australia",330,2.3830646319747895
"Sydney, Australia",331,2.286963456178146
"Sydney, Australia",332,2.222612741702244
"Sydney, Australia",333,2.2626739943374874
"Sydney, Australia",334,2.074662852459215
"Sydney, Australia",335,2.5792724362136346
"Sydney, Australia",336,2.350405423621874
"Sydney, Australia",337,2.097538424406205
"Sydney, Australia",338,1.7572262161230183
"Sydney, Australia",339,1.9239621045394868
"Sydney, Australia",340,1.7710837301723439
"Sydney, Australia",341,2.075316833092408
"Sydney, Australia",342,2.157309664704902
"Sydney, Australia",343,2.287111882068598
"Sydney, Australia",344,1.855594079235051
"Sydney, Australia",345,1.977623060747849
"Sydney, Australia",346,2.1106848882944176
"Sydney, Australia",347,1.9762274666647055
"Sydney, Australia",348,2.353717360317963
"Sydney, Australia",349,2.036756167807918
"Sydney, Australia",350,2.0412870970750263
"Sydney, Australia",351,1.959074227473947
"Sydney, Australia",352,1.888120017035861
"Sydney, Australia",353,2.3013296092480298
"Sydney, Australia",354,2.335351945715978
"Sydney, Australia",355,2.486301370142254
"Sydney, Australia",356,2.127420732866449
"Sydney, Australia",357,1.9057359728746968
"Sydney, Australia",358,2.0845702529621994
"Sydney, Australia",359,2.1255713197909807
"Sydney, Australia",360,1.9147816434444633
"Sydney, Australia",361,1.6884138665558317
"Sydney, Australia",362,1.9146479288192706
"Sydney, Australia",363,1.6808632509811559
"Sydney, Australia",364,1.8626391288472646
"Sydney, Australia",365,1.950283914388631
"Sydney, Australia",366,1.7681484923244113
